,Zipcode,Hospital overall rating,Emergency Services_Yes
0,674,2.0,1.0
1,683,2.0,1.0
2,717,2.0,1.0
3,725,2.0,1.0
4,733,2.0,1.0
5,801,2.0,1.0
6,820,2.0,1.0
7,907,3.0,1.0
8,918,2.0,1.0
9,960,2.0,1.0
10,961,2.0,1.0
11,1040,2.0,1.0
12,1060,3.0,1.0
13,1069,4.0,1.0
14,1082,4.0,1.0
15,1085,4.0,1.0
16,1104,3.0,1.0
17,1199,3.0,1.0
18,1201,4.0,1.0
19,1230,4.0,1.0
20,1301,3.0,1.0
21,1331,3.0,1.0
22,1432,3.0,1.0
23,1440,3.0,1.0
24,1453,3.0,1.0
25,1510,3.0,1.0
26,1550,3.0,1.0
27,1608,3.0,1.0
28,1655,1.0,1.0
29,1701,3.0,1.0
30,1742,4.0,1.0
31,1752,3.0,1.0
32,1757,3.0,1.0
33,1803,3.0,1.0
34,1842,2.0,1.0
35,1844,3.0,1.0
36,1854,2.0,1.0
37,1890,4.0,1.0
38,1915,4.0,1.0
39,1950,3.0,1.0
40,1970,4.0,1.0
41,2062,3.0,1.0
42,2111,2.0,1.0
43,2114,4.0,1.0
44,2115,3.0,1.0
45,2118,3.0,1.0
46,2120,5.0,0.0
47,2124,3.0,1.0
48,2130,4.0,1.0
49,2135,3.0,1.0
50,2138,3.0,1.0
51,2176,3.0,1.0
52,2186,4.0,1.0
53,2190,3.0,1.0
54,2215,3.0,1.0
55,2301,3.0,1.0
56,2302,3.0,1.0
57,2360,3.0,1.0
58,2462,4.0,1.0
59,2494,3.0,1.0
60,2540,3.0,1.0
61,2557,4.0,1.0
62,2601,4.0,1.0
63,2703,3.0,1.0
64,2720,3.0,1.0
65,2721,4.0,1.0
66,2780,2.0,1.0
67,2840,4.0,1.0
68,2860,3.0,1.0
69,2879,5.0,1.0
70,2886,3.0,1.0
71,2891,3.0,1.0
72,2895,3.0,1.0
73,2903,3.0,1.0
74,2904,3.0,1.0
75,2905,2.0,1.0
76,2906,4.0,1.0
77,2908,3.0,1.0
78,3038,3.0,1.0
79,3060,4.0,1.0
80,3102,4.0,1.0
81,3103,3.0,1.0
82,3235,3.0,1.0
83,3246,3.0,1.0
84,3257,3.0,1.0
85,3264,3.0,1.0
86,3301,4.0,1.0
87,3431,4.0,1.0
88,3458,4.0,1.0
89,3561,4.0,1.0
90,3570,3.0,1.0
91,3576,3.0,1.0
92,3584,3.0,1.0
93,3743,4.0,1.0
94,3756,3.0,1.0
95,3766,3.0,1.0
96,3801,3.0,1.0
97,3820,4.0,1.0
98,3833,4.0,1.0
99,3860,3.0,1.0
100,3867,4.0,1.0
101,3894,4.0,1.0
102,3909,4.0,1.0
103,4005,3.0,1.0
104,4009,4.0,1.0
105,4011,3.0,1.0
106,4101,4.0,1.0
107,4102,2.0,1.0
108,4240,3.5,1.0
109,4268,3.0,1.0
110,4276,3.0,1.0
111,4330,4.0,1.0
112,4401,3.0,1.0
113,4426,3.0,1.0
114,4457,3.0,1.0
115,4462,4.0,1.0
116,4543,4.0,1.0
117,4605,5.0,1.0
118,4609,4.0,1.0
119,4614,3.0,1.0
120,4619,4.0,1.0
121,4654,3.0,1.0
122,4730,4.0,1.0
123,4736,3.0,1.0
124,4743,4.0,1.0
125,4769,3.0,1.0
126,4856,3.0,1.0
127,4901,4.0,1.0
128,4915,3.0,1.0
129,4938,3.0,1.0
130,4967,3.0,1.0
131,4976,4.0,1.0
132,5060,3.0,1.0
133,5156,2.0,1.0
134,5201,4.0,1.0
135,5301,4.0,1.0
136,5401,3.0,1.0
137,5478,2.0,1.0
138,5641,4.0,1.0
139,5661,3.0,1.0
140,5701,4.0,1.0
141,5753,4.0,1.0
142,5819,3.0,1.0
143,5855,3.0,1.0
144,6010,3.0,1.0
145,6032,3.0,1.0
146,6040,2.0,1.0
147,6050,2.0,1.0
148,6066,3.0,1.0
149,6069,3.0,1.0
150,6076,3.0,1.0
151,6102,2.0,1.0
152,6105,3.0,1.0
153,6226,3.0,1.0
154,6260,3.0,1.0
155,6320,3.0,1.0
156,6360,4.0,1.0
157,6418,2.0,1.0
158,6450,3.0,1.0
159,6457,3.0,1.0
160,6460,3.0,1.0
161,6492,3.0,0.0
162,6504,3.0,1.0
163,6606,2.0,1.0
164,6610,2.0,1.0
165,6706,3.0,1.0
166,6721,2.0,1.0
167,6790,2.0,1.0
168,6810,2.0,1.0
169,6830,3.0,1.0
170,6856,3.0,1.0
171,6904,3.0,1.0
172,7002,2.0,1.0
173,7018,2.0,1.0
174,7030,2.0,1.0
175,7039,2.0,1.0
176,7042,2.0,1.0
177,7047,1.0,1.0
178,7055,2.0,1.0
179,7065,2.0,1.0
180,7094,2.0,1.0
181,7101,1.0,1.0
182,7102,2.0,0.0
183,7109,3.0,1.0
184,7112,1.0,1.0
185,7207,2.0,1.0
186,7302,2.0,1.0
187,7306,2.0,1.0
188,7444,2.0,1.0
189,7450,3.0,1.0
190,7503,1.0,1.0
191,7601,2.0,1.0
192,7631,3.0,1.0
193,7652,3.0,1.0
194,7666,4.0,1.0
195,7675,3.0,1.0
196,7701,3.0,1.0
197,7728,4.0,1.0
198,7733,3.0,1.0
199,7740,4.0,1.0
200,7754,3.0,1.0
201,7834,2.0,1.0
202,7840,2.0,1.0
203,7860,3.0,1.0
204,7902,3.0,1.0
205,7962,4.0,1.0
206,8009,4.0,1.0
207,8015,4.0,0.0
208,8046,2.0,1.0
209,8050,3.0,1.0
210,8060,3.0,1.0
211,8079,3.0,1.0
212,8084,3.0,1.0
213,8096,3.0,1.0
214,8103,3.0,1.0
215,8210,3.0,1.0
216,8244,4.0,1.0
217,8318,3.0,1.0
218,8360,2.0,1.0
219,8401,3.0,1.0
220,8534,2.0,1.0
221,8536,3.0,1.0
222,8629,2.0,1.0
223,8638,1.0,1.0
224,8690,1.0,1.0
225,8701,3.0,1.0
226,8724,4.0,1.0
227,8755,2.0,1.0
228,8818,2.0,1.0
229,8822,3.0,1.0
230,8861,2.0,1.0
231,8865,4.0,1.0
232,8876,2.0,1.0
233,8901,2.0,1.0
234,10003,2.0,1.0
235,10016,2.5,1.0
236,10019,2.0,1.0
237,10021,4.0,1.0
238,10029,2.5,1.0
239,10037,1.0,1.0
240,10065,4.0,1.0
241,10304,1.0,1.0
242,10305,1.0,1.0
243,10451,1.0,1.0
244,10456,1.0,1.0
245,10457,2.0,1.0
246,10461,1.0,1.0
247,10467,1.5,1.0
248,10512,3.0,1.0
249,10549,4.0,1.0
250,10550,2.0,1.0
251,10567,2.0,1.0
252,10591,3.0,1.0
253,10595,1.0,1.0
254,10601,3.0,1.0
255,10701,2.0,1.0
256,10708,3.0,1.0
257,10802,2.0,1.0
258,10901,2.0,1.0
259,10940,3.0,1.0
260,10960,2.0,1.0
261,10990,3.0,1.0
262,11030,2.0,1.0
263,11040,2.0,1.0
264,11201,1.0,1.0
265,11203,1.3333333333333333,1.0
266,11206,2.0,1.0
267,11212,1.0,1.0
268,11213,1.0,0.0
269,11215,1.0,1.0
270,11219,2.0,1.0
271,11229,3.0,1.0
272,11235,1.0,1.0
273,11237,1.0,1.0
274,11355,1.5,1.0
275,11373,1.0,1.0
276,11418,1.0,1.0
277,11432,1.0,1.0
278,11501,2.0,1.0
279,11542,2.0,1.0
280,11554,1.0,1.0
281,11570,1.0,1.0
282,11572,2.0,1.0
283,11576,4.0,1.0
284,11691,1.0,1.0
285,11706,1.0,1.0
286,11714,2.0,1.0
287,11743,3.0,1.0
288,11772,2.0,1.0
289,11777,3.5,1.0
290,11787,2.0,1.0
291,11794,2.0,1.0
292,11795,1.0,1.0
293,11803,2.0,1.0
294,11901,1.0,1.0
295,11944,3.0,1.0
296,11968,2.0,1.0
297,12010,3.0,1.0
298,12043,4.0,1.0
299,12078,3.0,1.0
300,12180,2.5,1.0
301,12204,2.0,1.0
302,12208,2.5,1.0
303,12308,2.0,1.0
304,12401,2.5,1.0
305,12428,3.0,1.0
306,12534,1.0,1.0
307,12550,2.0,1.0
308,12572,3.0,1.0
309,12601,2.0,1.0
310,12742,2.0,1.0
311,12771,3.0,1.0
312,12801,4.0,1.0
313,12866,3.0,1.0
314,12901,3.0,1.0
315,12932,3.0,1.0
316,12953,3.0,1.0
317,12983,4.0,1.0
318,13021,2.0,1.0
319,13045,3.0,1.0
320,13126,3.0,1.0
321,13203,3.0,1.0
322,13210,1.5,1.0
323,13326,2.0,1.0
324,13346,4.0,1.0
325,13365,4.0,1.0
326,13367,3.0,1.0
327,13421,3.0,1.0
328,13440,2.0,1.0
329,13501,2.0,1.0
330,13503,1.0,1.0
331,13601,2.0,1.0
332,13662,2.0,1.0
333,13669,3.0,1.0
334,13676,3.0,1.0
335,13815,3.0,1.0
336,13820,2.0,1.0
337,13856,3.0,1.0
338,13903,2.0,1.0
339,13905,1.0,1.0
340,14020,3.0,1.0
341,14048,2.0,1.0
342,14081,4.0,1.0
343,14092,3.0,1.0
344,14094,2.0,1.0
345,14103,2.0,1.0
346,14141,2.0,1.0
347,14210,2.0,1.0
348,14214,3.0,1.0
349,14215,2.0,1.0
350,14217,3.0,1.0
351,14220,2.0,1.0
352,14302,2.0,1.0
353,14424,3.0,1.0
354,14432,3.0,1.0
355,14437,3.0,1.0
356,14456,3.0,1.0
357,14513,2.0,1.0
358,14527,3.0,1.0
359,14569,3.0,1.0
360,14620,4.0,1.0
361,14621,3.0,1.0
362,14626,4.0,1.0
363,14642,3.0,1.0
364,14701,2.0,1.0
365,14760,2.0,1.0
366,14810,3.0,1.0
367,14830,4.0,1.0
368,14843,3.0,1.0
369,14850,3.0,1.0
370,14865,3.0,1.0
371,14895,2.0,1.0
372,14902,2.0,1.0
373,14905,2.0,1.0
374,15009,2.0,1.0
375,15025,4.0,1.0
376,15063,3.0,1.0
377,15065,3.0,1.0
378,15132,3.0,1.0
379,15136,2.0,1.0
380,15143,3.0,1.0
381,15146,3.5,1.0
382,15212,1.0,1.0
383,15213,2.5,1.0
384,15215,4.0,1.0
385,15219,2.0,1.0
386,15224,3.0,1.0
387,15237,4.0,1.0
388,15243,4.0,1.0
389,15301,3.0,1.0
390,15317,2.0,1.0
391,15370,3.0,1.0
392,15401,4.0,1.0
393,15425,2.0,1.0
394,15501,2.0,1.0
395,15537,3.0,1.0
396,15552,3.0,1.0
397,15601,4.0,1.0
398,15650,3.0,1.0
399,15666,3.0,1.0
400,15701,3.0,1.0
401,15767,4.0,1.0
402,15801,3.0,1.0
403,15825,3.0,1.0
404,15857,3.0,1.0
405,15905,2.0,1.0
406,15963,4.0,1.0
407,16001,4.0,1.0
408,16105,3.0,1.0
409,16117,3.0,1.0
410,16125,3.0,1.0
411,16127,4.0,1.0
412,16146,2.0,1.0
413,16201,4.0,1.0
414,16214,2.0,1.0
415,16335,2.0,1.0
416,16346,4.0,1.0
417,16365,3.0,1.0
418,16407,4.0,1.0
419,16509,3.0,1.0
420,16544,3.0,1.0
421,16550,3.0,1.0
422,16601,2.0,1.0
423,16646,4.0,1.0
424,16652,4.0,1.0
425,16673,3.0,1.0
426,16686,4.0,1.0
427,16701,3.0,1.0
428,16735,4.0,1.0
429,16803,4.0,1.0
430,16830,3.0,1.0
431,16915,3.0,1.0
432,16947,3.0,1.0
433,17011,4.0,1.0
434,17015,3.0,1.0
435,17033,3.0,1.0
436,17042,2.0,1.0
437,17044,3.0,1.0
438,17105,3.0,1.0
439,17201,3.0,1.0
440,17233,3.0,1.0
441,17268,4.0,1.0
442,17325,4.0,1.0
443,17331,3.0,1.0
444,17403,2.5,1.0
445,17522,3.0,1.0
446,17543,3.0,1.0
447,17604,3.5,1.0
448,17701,4.0,1.0
449,17740,3.0,1.0
450,17745,3.0,1.0
451,17756,4.0,1.0
452,17801,3.0,1.0
453,17815,3.0,1.0
454,17822,2.0,1.0
455,17837,3.0,1.0
456,17901,2.0,1.0
457,18015,4.0,1.0
458,18017,2.0,1.0
459,18042,2.0,1.0
460,18045,4.0,1.0
461,18071,3.0,1.0
462,18102,3.0,1.0
463,18105,2.0,1.0
464,18201,4.0,1.0
465,18218,4.0,1.0
466,18235,2.0,1.0
467,18301,4.0,1.0
468,18431,2.0,1.0
469,18501,2.0,0.0
470,18510,1.5,1.0
471,18603,3.0,1.0
472,18657,4.0,1.0
473,18711,3.0,1.0
474,18764,2.0,1.0
475,18801,3.0,1.0
476,18840,2.0,1.0
477,18847,3.0,1.0
478,18848,3.0,1.0
479,18901,4.0,1.0
480,18951,4.0,1.0
481,18960,4.0,1.0
482,19001,2.0,1.0
483,19007,3.0,1.0
484,19010,4.0,1.0
485,19013,2.0,1.0
486,19023,2.0,1.0
487,19026,3.0,1.0
488,19046,3.0,1.0
489,19047,4.0,1.0
490,19063,4.0,1.0
491,19096,4.0,1.0
492,19102,2.0,1.0
493,19104,4.0,1.0
494,19107,3.0,1.0
495,19111,3.0,1.0
496,19114,2.0,1.0
497,19118,2.0,1.0
498,19128,3.0,1.0
499,19140,2.0,1.0
500,19141,2.0,1.0
501,19152,3.0,1.0
502,19301,5.0,1.0
503,19320,2.0,1.0
504,19380,5.0,1.0
505,19390,3.0,1.0
506,19401,2.0,1.0
507,19403,3.0,1.0
508,19446,3.0,1.0
509,19460,3.0,1.0
510,19464,1.0,1.0
511,19603,3.0,1.0
512,19605,2.0,1.0
513,19718,4.0,1.0
514,19805,4.0,1.0
515,19901,3.0,1.0
516,19958,3.0,1.0
517,19963,4.0,1.0
518,19973,4.0,1.0
519,20007,1.0,1.0
520,20010,2.0,1.0
521,20016,3.0,1.0
522,20017,1.0,1.0
523,20032,1.0,1.0
524,20037,1.0,1.0
525,20060,1.0,1.0
526,20110,2.0,1.0
527,20169,3.0,1.0
528,20176,3.0,1.0
529,20186,2.0,1.0
530,20190,2.0,1.0
531,22033,4.0,1.0
532,22042,3.0,1.0
533,22191,2.0,1.0
534,22205,4.0,1.0
535,22304,3.0,1.0
536,22306,3.0,1.0
537,22401,2.0,1.0
538,22408,3.0,1.0
539,22554,3.0,1.0
540,22560,4.0,1.0
541,22601,3.0,1.0
542,22630,3.0,1.0
543,22664,4.0,1.0
544,22701,2.0,1.0
545,22801,3.0,1.0
546,22835,4.0,1.0
547,22908,2.0,1.0
548,22911,3.0,1.0
549,22939,3.0,1.0
550,23061,3.0,1.0
551,23114,3.0,1.0
552,23116,4.0,1.0
553,23185,4.0,1.0
554,23188,4.0,1.0
555,23223,3.0,1.0
556,23226,4.0,1.0
557,23229,4.0,1.0
558,23235,2.0,1.0
559,23298,3.0,1.0
560,23320,2.0,1.0
561,23417,4.0,1.0
562,23439,4.0,1.0
563,23454,3.0,1.0
564,23456,4.0,1.0
565,23502,4.0,1.0
566,23505,3.0,1.0
567,23507,3.0,1.0
568,23601,3.0,1.0
569,23602,3.0,1.0
570,23666,3.0,1.0
571,23707,3.0,1.0
572,23805,2.0,1.0
573,23847,2.0,1.0
574,23851,3.0,1.0
575,23860,2.0,1.0
576,23901,3.0,1.0
577,23970,3.0,1.0
578,24014,2.0,1.0
579,24060,2.0,1.0
580,24073,4.0,1.0
581,24112,2.0,1.0
582,24134,4.0,1.0
583,24151,3.0,1.0
584,24153,3.0,1.0
585,24211,3.0,1.0
586,24219,3.0,1.0
587,24266,3.0,1.0
588,24273,4.0,1.0
589,24301,3.0,1.0
590,24333,2.0,1.0
591,24354,3.0,1.0
592,24382,3.0,1.0
593,24450,3.0,1.0
594,24457,3.0,1.0
595,24501,4.0,1.0
596,24523,3.0,1.0
597,24541,1.0,1.0
598,24592,3.0,1.0
599,24614,3.0,1.0
600,24641,4.0,1.0
601,24651,3.0,1.0
602,24701,3.0,1.0
603,24740,2.0,1.0
604,24801,3.0,1.0
605,24970,3.0,1.0
606,25130,3.0,1.0
607,25271,3.0,1.0
608,25276,3.0,1.0
609,25301,3.5,1.0
610,25309,3.0,1.0
611,25401,3.0,1.0
612,25438,3.0,1.0
613,25550,3.0,1.0
614,25601,3.0,1.0
615,25661,3.0,1.0
616,25701,2.0,1.0
617,25702,3.0,1.0
618,25801,2.0,1.0
619,25901,3.0,1.0
620,26003,2.0,1.0
621,26038,3.0,1.0
622,26062,3.0,1.0
623,26101,2.0,1.0
624,26147,3.0,1.0
625,26155,3.0,1.0
626,26201,3.0,1.0
627,26241,3.0,1.0
628,26330,3.0,1.0
629,26452,3.0,1.0
630,26505,3.0,1.0
631,26506,2.0,1.0
632,26537,3.0,1.0
633,26554,2.0,1.0
634,26651,2.0,1.0
635,26847,3.0,1.0
636,27030,3.0,1.0
637,27103,3.0,1.0
638,27157,3.0,1.0
639,27204,4.0,1.0
640,27216,3.0,1.0
641,27261,3.0,1.0
642,27288,3.0,1.0
643,27293,3.0,1.0
644,27330,2.0,1.0
645,27360,2.0,1.0
646,27371,3.0,1.0
647,27401,4.0,1.0
648,27514,2.0,1.0
649,27518,3.0,1.0
650,27534,3.0,1.0
651,27536,2.0,1.0
652,27565,3.0,1.0
653,27573,3.0,1.0
654,27577,3.0,1.0
655,27607,3.0,1.0
656,27609,4.0,1.0
657,27610,3.0,1.0
658,27704,3.0,1.0
659,27710,4.0,1.0
660,27804,2.0,1.0
661,27834,2.0,1.0
662,27870,3.0,1.0
663,27886,3.0,1.0
664,27889,3.0,1.0
665,27892,2.0,1.0
666,27893,4.0,1.0
667,27909,3.0,1.0
668,27910,3.0,1.0
669,27932,4.0,1.0
670,27959,4.0,1.0
671,27983,3.0,1.0
672,28001,3.0,1.0
673,28025,3.0,1.0
674,28052,4.0,1.0
675,28078,3.0,1.0
676,28086,4.0,1.0
677,28092,4.0,1.0
678,28106,4.0,1.0
679,28110,2.0,1.0
680,28117,2.0,1.0
681,28139,3.0,1.0
682,28144,3.0,1.0
683,28150,4.0,1.0
684,28170,3.0,1.0
685,28203,3.0,1.0
686,28210,4.0,1.0
687,28233,3.0,1.0
688,28262,3.0,1.0
689,28302,3.0,1.0
690,28328,3.0,1.0
691,28334,3.0,1.0
692,28337,3.0,1.0
693,28345,4.0,1.0
694,28349,2.0,1.0
695,28352,4.0,1.0
696,28359,2.0,1.0
697,28374,4.0,1.0
698,28402,3.0,1.0
699,28461,3.0,1.0
700,28462,3.0,1.0
701,28472,2.0,1.0
702,28501,2.0,1.0
703,28540,3.0,1.0
704,28557,3.0,1.0
705,28560,5.0,1.0
706,28601,3.0,1.0
707,28602,3.0,1.0
708,28607,3.0,1.0
709,28621,4.0,1.0
710,28640,4.0,1.0
711,28645,2.0,1.0
712,28646,3.0,1.0
713,28655,3.0,1.0
714,28659,2.0,1.0
715,28675,3.0,1.0
716,28677,3.0,1.0
717,28687,3.0,1.0
718,28712,4.0,1.0
719,28713,4.0,1.0
720,28721,3.0,1.0
721,28722,4.0,1.0
722,28734,3.0,1.0
723,28752,3.0,1.0
724,28777,4.0,1.0
725,28779,2.0,1.0
726,28791,4.0,1.0
727,28792,3.0,1.0
728,28801,4.0,1.0
729,28906,3.0,1.0
730,29020,4.0,1.0
731,29108,4.0,1.0
732,29115,2.0,1.0
733,29150,3.0,1.0
734,29169,3.0,1.0
735,29203,2.0,1.0
736,29204,4.0,1.0
737,29212,3.0,1.0
738,29220,2.0,1.0
739,29303,3.0,1.0
740,29307,3.0,1.0
741,29325,4.0,1.0
742,29340,2.0,1.0
743,29401,5.0,1.0
744,29406,2.0,1.0
745,29414,5.0,1.0
746,29425,2.0,1.0
747,29440,3.0,1.0
748,29464,4.0,1.0
749,29466,4.0,1.0
750,29488,3.0,1.0
751,29505,2.0,1.0
752,29506,4.0,1.0
753,29526,4.0,1.0
754,29536,4.0,1.0
755,29550,2.0,1.0
756,29556,3.0,1.0
757,29560,3.0,1.0
758,29569,3.0,1.0
759,29572,3.0,1.0
760,29574,2.0,1.0
761,29576,4.0,1.0
762,29601,4.0,1.0
763,29605,4.0,1.0
764,29615,5.0,0.0
765,29620,4.0,1.0
766,29621,3.0,1.0
767,29641,3.0,1.0
768,29646,3.0,1.0
769,29650,5.0,1.0
770,29651,4.0,1.0
771,29671,3.0,1.0
772,29672,3.0,1.0
773,29681,4.0,1.0
774,29706,3.0,1.0
775,29720,2.0,1.0
776,29730,1.0,1.0
777,29801,2.0,1.0
778,29902,4.0,1.0
779,29925,2.0,1.0
780,29927,3.0,1.0
781,29944,3.0,1.0
782,30012,2.0,1.0
783,30014,2.0,1.0
784,30033,2.0,1.0
785,30041,3.0,1.0
786,30045,4.0,1.0
787,30058,2.0,1.0
788,30060,3.0,1.0
789,30076,2.0,1.0
790,30078,3.0,1.0
791,30097,3.0,1.0
792,30106,2.0,1.0
793,30110,3.0,1.0
794,30115,3.0,1.0
795,30117,3.0,1.0
796,30120,4.0,1.0
797,30134,3.0,1.0
798,30141,3.0,1.0
799,30143,3.0,1.0
800,30162,3.0,1.0
801,30165,4.0,1.0
802,30180,3.0,1.0
803,30214,2.0,1.0
804,30223,3.0,1.0
805,30240,4.0,1.0
806,30265,3.5,0.5
807,30274,2.0,1.0
808,30281,2.0,1.0
809,30286,3.0,1.0
810,30303,1.0,1.0
811,30308,3.0,1.0
812,30309,3.0,1.0
813,30312,1.0,1.0
814,30322,4.0,1.0
815,30342,3.5,1.0
816,30401,3.0,1.0
817,30417,4.0,1.0
818,30434,3.0,1.0
819,30458,2.0,1.0
820,30474,3.0,1.0
821,30501,3.0,1.0
822,30512,3.0,1.0
823,30513,3.0,1.0
824,30529,2.0,1.0
825,30533,3.0,1.0
826,30535,3.0,1.0
827,30546,4.0,1.0
828,30553,3.0,1.0
829,30577,3.0,1.0
830,30606,3.5,1.0
831,30635,4.0,1.0
832,30642,3.0,1.0
833,30655,2.0,1.0
834,30673,3.0,1.0
835,30680,3.0,1.0
836,30701,5.0,1.0
837,30705,3.0,1.0
838,30720,4.0,1.0
839,30824,3.0,1.0
840,30901,3.0,1.0
841,30904,2.0,1.0
842,30909,2.0,1.0
843,30912,1.0,1.0
844,31008,3.0,1.0
845,31014,3.0,1.0
846,31015,3.0,1.0
847,31021,4.0,1.0
848,31023,3.0,1.0
849,31024,3.0,1.0
850,31036,3.0,1.0
851,31061,3.0,1.0
852,31069,3.0,1.0
853,31082,3.0,1.0
854,31093,4.0,1.0
855,31201,2.0,1.0
856,31210,4.0,1.0
857,31217,3.0,1.0
858,31310,3.0,1.0
859,31329,3.0,1.0
860,31403,2.0,1.0
861,31412,3.0,1.0
862,31419,2.0,1.0
863,31501,3.0,1.0
864,31510,3.0,1.0
865,31513,3.0,1.0
866,31520,3.0,1.0
867,31533,3.0,1.0
868,31539,3.0,1.0
869,31545,3.0,1.0
870,31558,3.0,1.0
871,31603,3.0,1.0
872,31620,3.0,1.0
873,31703,1.0,1.0
874,31719,3.0,1.0
875,31750,3.0,1.0
876,31768,3.0,1.0
877,31774,3.0,0.0
878,31792,3.0,1.0
879,31793,2.0,1.0
880,31901,2.0,1.0
881,31909,5.0,0.0
882,31995,3.0,1.0
883,32034,3.0,1.0
884,32055,3.0,1.0
885,32060,3.0,1.0
886,32068,3.0,1.0
887,32073,3.0,1.0
888,32086,3.0,1.0
889,32091,3.0,1.0
890,32114,2.0,1.0
891,32117,4.0,1.0
892,32159,3.0,1.0
893,32164,3.0,1.0
894,32170,2.0,1.0
895,32177,2.0,1.0
896,32204,3.0,1.0
897,32207,3.0,1.0
898,32209,1.0,1.0
899,32216,3.0,1.0
900,32224,4.0,1.0
901,32250,4.0,1.0
902,32308,2.5,1.0
903,32348,2.0,1.0
904,32401,3.0,1.0
905,32405,3.0,1.0
906,32435,4.0,1.0
907,32446,3.0,1.0
908,32456,4.0,1.0
909,32501,3.0,1.0
910,32504,3.0,1.0
911,32514,3.0,1.0
912,32539,3.0,1.0
913,32547,3.0,1.0
914,32550,4.0,1.0
915,32561,4.0,1.0
916,32565,3.0,1.0
917,32570,3.0,1.0
918,32578,4.0,1.0
919,32605,3.0,1.0
920,32610,2.0,1.0
921,32720,3.0,1.0
922,32763,3.0,1.0
923,32771,2.0,1.0
924,32778,3.0,1.0
925,32796,4.0,1.0
926,32803,2.0,1.0
927,32806,3.0,1.0
928,32901,3.0,1.0
929,32907,4.0,1.0
930,32932,4.0,1.0
931,32935,2.0,1.0
932,32940,4.0,1.0
933,32955,2.0,1.0
934,32960,2.0,1.0
935,32978,3.0,1.0
936,33012,2.0,1.0
937,33013,3.0,1.0
938,33016,3.0,1.0
939,33021,3.0,1.0
940,33024,4.0,1.0
941,33028,3.0,1.0
942,33029,4.0,1.0
943,33033,3.0,1.0
944,33040,1.0,1.0
945,33050,3.0,1.0
946,33063,2.0,1.0
947,33064,2.0,1.0
948,33065,2.0,1.0
949,33070,4.0,1.0
950,33134,3.0,1.0
951,33136,1.0,1.0
952,33140,3.0,1.0
953,33143,3.0,1.0
954,33146,3.0,1.0
955,33150,1.0,1.0
956,33155,2.0,1.0
957,33175,3.0,1.0
958,33176,3.0,1.0
959,33180,3.0,1.0
960,33196,3.0,1.0
961,33308,2.5,1.0
962,33316,2.0,1.0
963,33317,3.0,1.0
964,33321,2.0,1.0
965,33324,2.0,0.0
966,33331,3.0,1.0
967,33401,2.0,1.0
968,33407,1.0,1.0
969,33410,3.0,1.0
970,33414,2.0,1.0
971,33428,2.0,1.0
972,33430,3.0,1.0
973,33435,3.0,1.0
974,33440,3.0,1.0
975,33458,4.0,1.0
976,33462,2.0,1.0
977,33470,2.0,1.0
978,33484,2.0,1.0
979,33486,2.0,1.0
980,33511,3.0,1.0
981,33525,2.0,1.0
982,33541,3.0,1.0
983,33544,4.0,1.0
984,33563,3.0,1.0
985,33573,1.0,1.0
986,33606,2.0,1.0
987,33609,3.0,1.0
988,33613,2.0,1.0
989,33614,3.0,1.0
990,33615,2.0,1.0
991,33677,3.0,1.0
992,33701,2.0,1.0
993,33705,2.0,1.0
994,33707,2.0,1.0
995,33709,2.0,1.0
996,33710,2.0,1.0
997,33756,3.0,1.0
998,33770,2.0,1.0
999,33805,2.0,1.0
1000,33831,3.0,1.0
1001,33837,2.0,1.0
1002,33853,2.0,1.0
1003,33870,2.0,1.0
1004,33871,3.0,1.0
1005,33873,3.0,1.0
1006,33881,2.0,1.0
1007,33901,2.0,1.0
1008,33912,2.0,1.0
1009,33936,2.0,1.0
1010,33950,2.0,1.0
1011,33952,2.5,1.0
1012,33990,2.0,1.0
1013,34102,3.0,1.0
1014,34119,2.0,1.0
1015,34202,3.0,1.0
1016,34208,2.0,1.0
1017,34209,2.0,1.0
1018,34223,4.0,1.0
1019,34233,3.0,1.0
1020,34239,5.0,1.0
1021,34265,3.0,1.0
1022,34285,3.0,1.0
1023,34428,2.0,1.0
1024,34452,2.0,1.0
1025,34474,2.0,1.0
1026,34478,2.0,1.0
1027,34601,2.0,1.0
1028,34613,3.0,1.0
1029,34652,3.0,1.0
1030,34655,3.0,1.0
1031,34667,2.0,1.0
1032,34689,3.0,1.0
1033,34695,4.0,1.0
1034,34698,4.0,1.0
1035,34711,2.0,1.0
1036,34741,2.0,1.0
1037,34748,2.0,1.0
1038,34758,2.0,1.0
1039,34761,3.0,1.0
1040,34769,2.0,1.0
1041,34950,2.0,1.0
1042,34952,2.0,1.0
1043,34972,3.0,1.0
1044,34995,2.0,1.0
1045,35007,3.0,1.0
1046,35010,3.0,1.0
1047,35021,3.0,1.0
1048,35058,3.0,1.0
1049,35121,3.0,0.0
1050,35125,3.0,1.0
1051,35150,3.0,1.0
1052,35161,3.0,1.0
1053,35205,3.0,1.0
1054,35209,3.0,1.0
1055,35211,3.0,1.0
1056,35233,3.0,1.0
1057,35235,2.0,1.0
1058,35243,2.0,1.0
1059,35401,2.0,1.0
1060,35447,3.0,1.0
1061,35462,3.0,0.0
1062,35502,3.0,1.0
1063,35555,4.0,1.0
1064,35565,5.0,1.0
1065,35570,5.0,1.0
1066,35594,4.0,1.0
1067,35601,2.0,1.0
1068,35611,2.0,0.0
1069,35631,2.0,1.0
1070,35650,4.0,1.0
1071,35653,3.0,1.0
1072,35660,2.0,1.0
1073,35661,3.0,1.0
1074,35768,3.0,1.0
1075,35801,3.0,1.0
1076,35901,3.0,1.0
1077,35903,2.0,1.0
1078,35957,3.0,1.0
1079,35960,4.0,1.0
1080,35968,3.0,1.0
1081,36027,3.0,1.0
1082,36033,3.0,1.0
1083,36037,3.0,1.0
1084,36049,3.0,1.0
1085,36067,4.0,1.0
1086,36078,4.0,1.0
1087,36081,3.0,1.0
1088,36089,3.0,1.0
1089,36092,3.0,1.0
1090,36106,3.0,1.0
1091,36116,3.0,1.0
1092,36117,5.0,1.0
1093,36201,3.0,1.0
1094,36207,2.0,1.0
1095,36251,3.0,1.0
1096,36265,3.0,1.0
1097,36278,4.0,1.0
1098,36301,3.0,1.0
1099,36305,4.0,1.0
1100,36330,3.0,1.0
1101,36340,3.0,1.0
1102,36360,4.0,1.0
1103,36401,3.0,1.0
1104,36420,3.0,1.0
1105,36426,2.0,1.0
1106,36451,3.0,1.0
1107,36460,3.0,1.0
1108,36467,2.0,1.0
1109,36502,4.0,1.0
1110,36507,2.0,1.0
1111,36532,4.0,1.0
1112,36535,3.0,1.0
1113,36545,3.0,1.0
1114,36608,2.0,1.0
1115,36617,3.0,1.0
1116,36652,2.0,1.0
1117,36701,3.0,1.0
1118,36732,3.0,1.0
1119,36801,4.0,1.0
1120,36853,3.0,1.0
1121,36867,4.0,1.0
1122,37030,3.0,1.0
1123,37040,2.0,1.0
1124,37055,3.0,1.0
1125,37061,3.0,1.0
1126,37066,2.0,1.0
1127,37067,4.0,1.0
1128,37075,3.0,1.0
1129,37076,3.0,1.0
1130,37083,2.0,1.0
1131,37087,3.0,1.0
1132,37096,3.0,1.0
1133,37110,3.0,1.0
1134,37129,3.0,1.0
1135,37160,1.0,1.0
1136,37166,4.0,1.0
1137,37167,3.0,1.0
1138,37172,3.0,1.0
1139,37185,2.0,1.0
1140,37190,3.0,1.0
1141,37203,3.0,1.0
1142,37205,4.0,1.0
1143,37207,2.0,1.0
1144,37208,2.0,1.0
1145,37211,3.0,1.0
1146,37232,3.0,1.0
1147,37236,4.0,1.0
1148,37311,2.0,1.0
1149,37321,3.0,1.0
1150,37334,2.0,1.0
1151,37355,3.0,1.0
1152,37371,3.0,1.0
1153,37388,2.0,1.0
1154,37398,2.0,1.0
1155,37403,2.0,1.0
1156,37404,3.5,1.0
1157,37604,3.0,1.0
1158,37620,3.0,1.0
1159,37643,4.0,1.0
1160,37650,3.0,1.0
1161,37660,3.0,1.0
1162,37662,3.0,1.0
1163,37743,3.0,1.0
1164,37745,3.0,1.0
1165,37748,3.0,1.0
1166,37760,3.0,0.0
1167,37762,3.0,1.0
1168,37766,2.0,1.0
1169,37772,4.0,1.0
1170,37804,2.0,1.0
1171,37814,1.5,1.0
1172,37821,3.0,1.0
1173,37830,3.0,1.0
1174,37857,4.0,1.0
1175,37862,3.0,1.0
1176,37874,3.0,1.0
1177,37879,3.0,1.0
1178,37916,4.0,1.0
1179,37917,2.0,1.0
1180,37920,3.0,1.0
1181,37923,3.0,1.0
1182,38019,3.0,1.0
1183,38024,2.0,1.0
1184,38063,3.0,1.0
1185,38103,2.0,1.0
1186,38104,2.0,1.0
1187,38118,2.0,1.0
1188,38119,3.0,1.0
1189,38120,2.0,1.0
1190,38133,3.0,1.0
1191,38201,3.0,1.0
1192,38237,3.0,1.0
1193,38242,3.0,1.0
1194,38261,3.0,1.0
1195,38301,3.0,1.0
1196,38305,3.0,1.0
1197,38320,3.0,1.0
1198,38344,3.0,1.0
1199,38351,3.0,1.0
1200,38358,4.0,1.0
1201,38363,3.0,1.0
1202,38372,3.0,1.0
1203,38401,4.0,1.0
1204,38464,4.0,1.0
1205,38478,4.0,1.0
1206,38485,3.0,1.0
1207,38501,3.0,1.0
1208,38555,3.0,1.0
1209,38556,3.0,1.0
1210,38570,2.0,1.0
1211,38583,3.0,1.0
1212,38606,3.0,1.0
1213,38614,2.0,1.0
1214,38635,3.0,1.0
1215,38652,4.0,1.0
1216,38654,4.0,1.0
1217,38655,4.0,1.0
1218,38668,3.0,1.0
1219,38671,2.0,1.0
1220,38704,2.0,1.0
1221,38732,2.0,1.0
1222,38751,3.0,1.0
1223,38801,3.0,1.0
1224,38821,3.0,1.0
1225,38829,4.0,1.0
1226,38834,2.0,1.0
1227,38852,4.0,1.0
1228,38863,3.0,1.0
1229,38901,2.0,1.0
1230,38916,3.0,1.0
1231,38930,2.0,1.0
1232,38965,4.0,0.0
1233,39042,2.0,1.0
1234,39046,3.0,1.0
1235,39074,4.0,1.0
1236,39083,3.0,1.0
1237,39090,3.0,1.0
1238,39095,3.0,1.0
1239,39111,3.0,1.0
1240,39114,3.0,1.0
1241,39117,4.0,1.0
1242,39120,2.0,1.0
1243,39183,2.0,1.0
1244,39194,2.0,1.0
1245,39202,3.0,1.0
1246,39204,2.0,1.0
1247,39216,2.0,1.0
1248,39232,3.0,1.0
1249,39301,2.5,1.0
1250,39339,3.0,1.0
1251,39350,3.0,1.0
1252,39367,3.0,1.0
1253,39402,3.0,1.0
1254,39404,2.0,1.0
1255,39428,3.0,1.0
1256,39429,3.0,1.0
1257,39440,1.0,1.0
1258,39452,3.0,1.0
1259,39466,2.0,1.0
1260,39502,2.0,1.0
1261,39503,3.0,1.0
1262,39521,3.0,1.0
1263,39530,2.0,1.0
1264,39581,2.0,1.0
1265,39601,4.0,1.0
1266,39631,2.0,1.0
1267,39649,2.0,1.0
1268,39652,4.0,0.0
1269,39701,3.0,1.0
1270,39744,3.0,1.0
1271,39759,3.0,1.0
1272,39773,3.0,1.0
1273,39819,3.0,1.0
1274,39828,4.0,1.0
1275,39837,3.0,1.0
1276,39845,3.0,1.0
1277,40004,4.0,1.0
1278,40031,3.0,1.0
1279,40033,3.0,1.0
1280,40065,3.0,1.0
1281,40143,3.0,1.0
1282,40202,2.0,1.0
1283,40207,4.0,1.0
1284,40324,3.0,1.0
1285,40336,4.0,1.0
1286,40351,2.0,1.0
1287,40353,3.0,1.0
1288,40361,3.0,1.0
1289,40391,4.0,1.0
1290,40403,3.0,1.0
1291,40422,2.0,1.0
1292,40456,3.0,1.0
1293,40475,3.0,1.0
1294,40484,3.0,1.0
1295,40503,4.0,1.0
1296,40504,2.0,1.0
1297,40509,2.0,1.0
1298,40536,3.0,1.0
1299,40601,3.0,1.0
1300,40701,3.0,1.0
1301,40741,3.0,1.0
1302,40831,2.0,1.0
1303,40906,1.0,1.0
1304,40962,3.0,1.0
1305,40965,3.0,1.0
1306,40977,4.0,1.0
1307,41008,3.0,1.0
1308,41017,4.0,1.0
1309,41031,4.0,1.0
1310,41041,3.0,1.0
1311,41042,3.0,1.0
1312,41056,3.0,1.0
1313,41075,4.0,1.0
1314,41097,3.0,1.0
1315,41101,3.0,1.0
1316,41230,3.0,1.0
1317,41240,3.0,1.0
1318,41339,2.0,1.0
1319,41501,2.0,1.0
1320,41503,3.0,1.0
1321,41649,4.0,1.0
1322,41653,2.0,1.0
1323,41701,2.0,1.0
1324,41858,3.0,1.0
1325,42003,2.5,1.0
1326,42025,3.0,1.0
1327,42064,3.0,1.0
1328,42066,3.0,1.0
1329,42071,3.0,1.0
1330,42101,3.0,1.0
1331,42104,4.0,1.0
1332,42135,4.0,1.0
1333,42141,3.0,1.0
1334,42164,3.0,1.0
1335,42167,2.0,1.0
1336,42240,2.0,1.0
1337,42276,3.0,1.0
1338,42303,3.0,1.0
1339,42345,3.0,1.0
1340,42347,3.0,1.0
1341,42420,4.0,1.0
1342,42431,3.0,1.0
1343,42437,3.0,1.0
1344,42445,3.0,1.0
1345,42502,2.0,1.0
1346,42539,4.0,1.0
1347,42602,3.0,1.0
1348,42642,2.0,1.0
1349,42701,4.0,1.0
1350,42717,3.0,1.0
1351,42718,3.0,1.0
1352,42728,4.0,1.0
1353,42743,3.0,1.0
1354,42749,3.0,1.0
1355,42754,4.0,1.0
1356,43015,4.0,1.0
1357,43016,5.0,1.0
1358,43040,3.0,1.0
1359,43050,3.0,0.0
1360,43055,3.0,1.0
1361,43078,3.0,1.0
1362,43081,3.0,1.0
1363,43113,3.0,1.0
1364,43130,2.0,1.0
1365,43138,3.0,1.0
1366,43140,3.0,1.0
1367,43160,3.0,1.0
1368,43210,3.0,1.0
1369,43214,2.0,1.0
1370,43215,2.0,1.0
1371,43222,2.0,1.0
1372,43228,2.0,1.0
1373,43302,3.0,1.0
1374,43311,3.0,1.0
1375,43338,4.0,1.0
1376,43351,3.0,1.0
1377,43402,3.0,1.0
1378,43420,4.0,1.0
1379,43452,4.0,1.0
1380,43506,4.0,1.0
1381,43512,4.0,1.0
1382,43526,4.0,1.0
1383,43537,3.0,1.0
1384,43545,4.0,1.0
1385,43560,4.0,1.0
1386,43567,3.0,1.0
1387,43606,4.0,1.0
1388,43608,2.0,1.0
1389,43616,4.0,1.0
1390,43623,5.0,1.0
1391,43699,1.0,1.0
1392,43701,4.0,1.0
1393,43713,4.0,1.0
1394,43725,3.0,1.0
1395,43812,3.0,1.0
1396,43920,3.0,1.0
1397,43935,3.0,1.0
1398,43952,4.0,1.0
1399,44004,3.0,1.0
1400,44024,4.0,1.0
1401,44030,4.0,1.0
1402,44035,3.0,0.0
1403,44041,5.0,1.0
1404,44053,4.0,1.0
1405,44074,4.0,1.0
1406,44077,4.0,1.0
1407,44106,3.0,1.0
1408,44109,2.0,1.0
1409,44111,5.0,1.0
1410,44113,4.0,1.0
1411,44115,4.0,1.0
1412,44119,4.0,1.0
1413,44122,3.0,1.0
1414,44124,4.0,1.0
1415,44125,4.0,1.0
1416,44129,4.0,1.0
1417,44130,4.0,1.0
1418,44143,3.0,1.0
1419,44145,4.0,1.0
1420,44195,4.0,1.0
1421,44223,3.0,1.0
1422,44256,4.0,1.0
1423,44266,3.0,1.0
1424,44307,3.0,1.0
1425,44309,2.0,1.0
1426,44460,3.0,1.0
1427,44481,4.0,1.0
1428,44482,4.0,1.0
1429,44501,1.5,1.0
1430,44512,3.5,0.5
1431,44601,4.0,0.0
1432,44622,3.0,1.0
1433,44646,3.0,1.0
1434,44654,4.0,0.0
1435,44667,3.0,1.0
1436,44691,3.0,1.0
1437,44708,3.0,1.0
1438,44710,4.0,1.0
1439,44805,4.0,1.0
1440,44811,4.0,1.0
1441,44820,3.0,1.0
1442,44830,3.0,1.0
1443,44833,3.0,0.0
1444,44857,4.0,1.0
1445,44870,4.0,1.0
1446,44875,4.0,1.0
1447,44883,4.0,1.0
1448,44890,4.0,1.0
1449,44903,2.0,1.0
1450,45005,4.0,1.0
1451,45013,4.0,1.0
1452,45014,4.0,1.0
1453,45056,3.0,1.0
1454,45069,4.0,1.0
1455,45103,4.0,1.0
1456,45133,2.0,1.0
1457,45177,3.0,1.0
1458,45211,4.0,1.0
1459,45219,3.0,1.0
1460,45220,3.0,1.0
1461,45236,4.0,1.0
1462,45242,4.0,1.0
1463,45255,4.0,1.0
1464,45331,3.0,1.0
1465,45342,4.0,1.0
1466,45365,3.0,1.0
1467,45373,3.0,1.0
1468,45385,3.0,1.0
1469,45405,4.0,1.0
1470,45406,3.0,1.0
1471,45409,4.0,1.0
1472,45429,4.0,1.0
1473,45431,3.0,1.0
1474,45504,3.0,1.0
1475,45601,3.0,1.0
1476,45631,2.0,1.0
1477,45640,3.0,1.0
1478,45662,4.0,1.0
1479,45679,3.0,1.0
1480,45701,3.0,1.0
1481,45750,2.5,1.0
1482,45801,4.0,1.0
1483,45804,3.0,1.0
1484,45828,4.0,1.0
1485,45840,4.0,1.0
1486,45879,3.0,1.0
1487,45885,4.0,1.0
1488,45891,3.0,1.0
1489,46011,4.0,1.0
1490,46016,4.0,1.0
1491,46032,4.5,1.0
1492,46037,4.0,1.0
1493,46041,3.0,1.0
1494,46052,4.0,1.0
1495,46060,4.0,1.0
1496,46072,4.0,1.0
1497,46122,4.0,1.0
1498,46123,5.0,1.0
1499,46131,4.0,1.0
1500,46135,4.0,1.0
1501,46140,3.0,1.0
1502,46158,5.0,1.0
1503,46173,3.0,1.0
1504,46176,4.0,1.0
1505,46202,2.0,1.0
1506,46219,4.0,1.0
1507,46227,4.0,1.0
1508,46237,4.0,1.0
1509,46256,3.0,1.0
1510,46260,3.0,1.0
1511,46290,4.0,1.0
1512,46307,3.5,0.5
1513,46311,2.0,1.0
1514,46312,5.0,1.0
1515,46320,3.0,1.0
1516,46321,3.5,0.5
1517,46342,4.0,1.0
1518,46350,3.0,1.0
1519,46360,3.0,1.0
1520,46383,4.0,1.0
1521,46402,3.0,1.0
1522,46514,4.0,1.0
1523,46526,3.0,1.0
1524,46534,3.0,1.0
1525,46545,4.0,1.0
1526,46563,3.0,1.0
1527,46580,3.0,1.0
1528,46601,4.0,1.0
1529,46703,3.0,1.0
1530,46706,3.0,1.0
1531,46714,3.0,1.0
1532,46725,4.0,1.0
1533,46733,3.0,1.0
1534,46750,4.0,1.0
1535,46755,4.0,1.0
1536,46761,4.0,1.0
1537,46802,2.0,1.0
1538,46804,2.0,1.0
1539,46825,4.0,1.0
1540,46845,4.0,1.0
1541,46902,3.0,1.0
1542,46904,4.0,1.0
1543,46947,3.0,1.0
1544,46952,4.0,1.0
1545,46970,3.0,1.0
1546,46975,4.0,1.0
1547,46992,3.0,1.0
1548,46996,4.0,1.0
1549,47006,4.0,1.0
1550,47025,3.0,1.0
1551,47112,3.0,1.0
1552,47129,1.0,0.0
1553,47130,3.0,1.0
1554,47150,2.0,1.0
1555,47170,3.0,1.0
1556,47201,4.0,1.0
1557,47240,4.0,1.0
1558,47250,4.0,1.0
1559,47265,3.0,1.0
1560,47274,5.0,1.0
1561,47303,3.0,1.0
1562,47331,4.0,1.0
1563,47348,4.0,1.0
1564,47362,4.0,1.0
1565,47371,4.0,1.0
1566,47374,4.0,1.0
1567,47394,4.0,1.0
1568,47403,4.0,1.0
1569,47421,3.5,1.0
1570,47441,3.0,1.0
1571,47454,3.0,1.0
1572,47501,3.0,1.0
1573,47546,5.0,1.0
1574,47586,4.0,1.0
1575,47591,3.0,1.0
1576,47630,4.0,0.5
1577,47670,3.0,1.0
1578,47747,3.0,1.0
1579,47750,3.0,1.0
1580,47802,3.0,1.0
1581,47804,4.0,1.0
1582,47834,3.0,1.0
1583,47842,4.0,1.0
1584,47882,2.0,1.0
1585,47905,3.5,1.0
1586,47933,3.0,1.0
1587,47960,3.0,1.0
1588,47978,2.0,1.0
1589,47993,3.0,1.0
1590,48038,2.0,1.0
1591,48043,2.0,1.0
1592,48054,3.0,1.0
1593,48060,2.5,0.5
1594,48073,3.0,1.0
1595,48075,4.0,1.0
1596,48085,3.0,1.0
1597,48093,2.0,1.0
1598,48106,2.0,1.0
1599,48109,3.0,1.0
1600,48118,5.0,1.0
1601,48124,3.0,1.0
1602,48135,2.0,1.0
1603,48154,3.0,1.0
1604,48162,3.0,1.0
1605,48180,4.0,1.0
1606,48183,3.0,1.0
1607,48184,2.0,1.0
1608,48192,2.0,1.0
1609,48201,1.6666666666666667,0.6666666666666666
1610,48202,1.0,1.0
1611,48230,4.0,1.0
1612,48235,1.0,1.0
1613,48236,2.0,1.0
1614,48307,3.0,1.0
1615,48322,2.0,1.0
1616,48336,2.0,1.0
1617,48341,3.0,1.0
1618,48342,2.0,1.0
1619,48382,3.0,1.0
1620,48413,4.0,1.0
1621,48439,2.0,1.0
1622,48446,3.0,1.0
1623,48453,4.0,1.0
1624,48471,3.0,1.0
1625,48503,1.0,1.0
1626,48532,2.0,1.0
1627,48601,2.0,1.0
1628,48602,2.0,1.0
1629,48617,3.0,1.0
1630,48624,4.0,1.0
1631,48658,4.0,1.0
1632,48661,4.0,1.0
1633,48670,4.0,1.0
1634,48708,3.0,1.0
1635,48726,4.0,1.0
1636,48755,4.0,1.0
1637,48764,4.0,1.0
1638,48801,3.0,0.0
1639,48811,3.0,1.0
1640,48813,3.0,1.0
1641,48827,3.0,1.0
1642,48838,5.0,1.0
1643,48843,4.0,1.0
1644,48846,3.0,1.0
1645,48850,3.0,1.0
1646,48858,4.0,1.0
1647,48867,2.0,0.0
1648,48879,4.0,1.0
1649,48884,3.0,1.0
1650,48910,3.0,1.0
1651,48912,2.0,1.0
1652,49007,3.0,1.0
1653,49010,4.0,1.0
1654,49017,3.0,1.0
1655,49036,4.0,1.0
1656,49047,4.0,1.0
1657,49048,3.0,1.0
1658,49058,3.0,1.0
1659,49068,5.0,1.0
1660,49079,4.0,1.0
1661,49085,3.0,1.0
1662,49090,4.0,1.0
1663,49091,4.0,1.0
1664,49093,3.0,1.0
1665,49098,4.0,1.0
1666,49201,4.0,1.0
1667,49221,3.0,1.0
1668,49242,4.0,1.0
1669,49286,3.0,1.0
1670,49307,3.0,1.0
1671,49412,4.0,1.0
1672,49417,3.0,0.0
1673,49423,5.0,1.0
1674,49431,4.0,1.0
1675,49442,4.0,1.0
1676,49464,4.0,1.0
1677,49503,3.5,1.0
1678,49519,4.0,1.0
1679,49601,3.0,1.0
1680,49660,3.0,1.0
1681,49677,4.0,1.0
1682,49684,4.0,1.0
1683,49707,4.0,1.0
1684,49720,3.0,1.0
1685,49735,4.0,1.0
1686,49738,4.0,1.0
1687,49770,5.0,0.0
1688,49781,3.0,1.0
1689,49783,4.0,1.0
1690,49801,4.0,1.0
1691,49829,4.0,1.0
1692,49849,4.0,1.0
1693,49854,4.0,1.0
1694,49855,3.0,1.0
1695,49868,3.0,1.0
1696,49913,3.0,1.0
1697,49930,3.0,1.0
1698,49935,4.0,1.0
1699,49938,3.0,1.0
1700,49946,2.0,1.0
1701,50010,3.0,1.0
1702,50022,3.0,1.0
1703,50036,3.0,1.0
1704,50049,3.0,1.0
1705,50112,3.0,1.0
1706,50138,3.0,1.0
1707,50158,3.0,1.0
1708,50208,3.0,1.0
1709,50219,4.0,1.0
1710,50309,3.0,1.0
1711,50314,3.0,1.0
1712,50316,4.0,1.0
1713,50401,3.0,1.0
1714,50421,5.0,1.0
1715,50423,3.0,1.0
1716,50501,3.0,1.0
1717,50511,3.0,1.0
1718,50525,4.0,1.0
1719,50583,3.0,1.0
1720,50588,3.0,1.0
1721,50595,3.0,1.0
1722,50613,3.0,1.0
1723,50616,4.0,1.0
1724,50659,3.0,1.0
1725,50662,3.0,1.0
1726,50677,4.0,1.0
1727,50702,4.0,1.0
1728,50703,2.0,1.0
1729,50801,4.0,1.0
1730,51012,3.0,1.0
1731,51031,4.0,1.0
1732,51040,3.0,1.0
1733,51041,4.0,1.0
1734,51101,3.0,1.0
1735,51104,3.0,1.0
1736,51201,3.0,1.0
1737,51249,4.0,1.0
1738,51301,4.0,1.0
1739,51334,4.0,1.0
1740,51360,4.0,1.0
1741,51401,4.0,1.0
1742,51442,3.0,1.0
1743,51445,3.0,1.0
1744,51449,4.0,1.0
1745,51503,3.5,1.0
1746,51537,3.0,1.0
1747,51566,4.0,1.0
1748,51601,3.0,1.0
1749,51632,3.0,1.0
1750,52001,3.5,1.0
1751,52057,4.0,1.0
1752,52101,4.0,1.0
1753,52242,4.0,1.0
1754,52245,5.0,1.0
1755,52402,4.0,1.0
1756,52403,4.0,1.0
1757,52501,3.0,1.0
1758,52544,4.0,1.0
1759,52556,4.0,1.0
1760,52577,4.0,1.0
1761,52627,4.0,1.0
1762,52632,2.0,1.0
1763,52641,3.0,1.0
1764,52655,2.0,1.0
1765,52722,3.0,1.0
1766,52732,2.0,1.0
1767,52761,3.0,1.0
1768,52803,4.0,1.0
1769,53024,4.0,1.0
1770,53027,4.0,1.0
1771,53051,3.0,1.0
1772,53066,4.0,1.0
1773,53081,3.0,1.0
1774,53083,4.0,1.0
1775,53095,3.0,1.0
1776,53097,3.0,1.0
1777,53098,4.0,1.0
1778,53105,4.0,1.0
1779,53121,4.0,1.0
1780,53132,4.0,1.0
1781,53142,4.0,1.0
1782,53143,3.0,1.0
1783,53147,3.0,1.0
1784,53188,4.0,1.0
1785,53210,3.0,1.0
1786,53211,3.0,1.0
1787,53215,3.5,1.0
1788,53226,3.0,1.0
1789,53227,4.0,1.0
1790,53405,3.0,1.0
1791,53511,3.0,1.0
1792,53530,3.0,1.0
1793,53533,4.0,1.0
1794,53538,4.0,1.0
1795,53546,4.0,1.0
1796,53548,3.0,1.0
1797,53566,4.0,1.0
1798,53578,5.0,1.0
1799,53581,4.0,1.0
1800,53589,4.0,1.0
1801,53715,5.0,1.0
1802,53792,4.0,1.0
1803,53805,3.0,1.0
1804,53813,4.0,1.0
1805,53818,4.0,1.0
1806,53821,4.0,1.0
1807,53901,2.0,1.0
1808,53913,4.0,1.0
1809,53916,4.0,1.0
1810,53925,4.0,1.0
1811,53934,4.0,1.0
1812,53948,3.0,1.0
1813,53959,3.0,1.0
1814,53963,4.0,1.0
1815,54001,4.0,1.0
1816,54016,4.0,1.0
1817,54017,4.0,1.0
1818,54020,4.0,1.0
1819,54022,4.0,1.0
1820,54024,3.0,1.0
1821,54143,4.0,1.0
1822,54154,3.0,1.0
1823,54166,3.0,1.0
1824,54221,4.0,1.0
1825,54235,4.0,1.0
1826,54241,4.0,1.0
1827,54301,2.0,1.0
1828,54303,3.0,1.0
1829,54305,4.0,1.0
1830,54311,4.0,1.0
1831,54401,3.0,1.0
1832,54409,4.0,1.0
1833,54449,2.0,1.0
1834,54451,4.0,1.0
1835,54452,3.0,1.0
1836,54456,3.0,1.0
1837,54476,3.0,1.0
1838,54481,4.0,1.0
1839,54487,3.0,1.0
1840,54495,3.0,1.0
1841,54501,3.0,1.0
1842,54521,4.0,1.0
1843,54552,4.0,1.0
1844,54568,4.0,1.0
1845,54601,4.0,1.0
1846,54615,4.0,1.0
1847,54634,4.0,1.0
1848,54660,4.0,1.0
1849,54665,4.0,1.0
1850,54701,4.0,1.0
1851,54703,5.0,1.0
1852,54729,4.0,1.0
1853,54751,4.0,1.0
1854,54768,4.0,1.0
1855,54801,3.0,1.0
1856,54806,3.0,1.0
1857,54812,3.0,1.0
1858,54840,3.0,1.0
1859,54843,4.0,1.0
1860,54848,3.0,1.0
1861,54868,4.0,1.0
1862,54880,3.0,1.0
1863,54904,4.0,1.0
1864,54911,3.0,1.0
1865,54915,4.0,1.0
1866,54923,3.0,1.0
1867,54935,3.0,1.0
1868,54956,3.0,1.0
1869,54961,3.0,1.0
1870,54971,4.0,1.0
1871,54981,3.0,1.0
1872,55008,4.0,1.0
1873,55009,3.0,1.0
1874,55021,4.0,1.0
1875,55033,3.0,1.0
1876,55051,4.0,1.0
1877,55057,3.0,1.0
1878,55060,3.0,1.0
1879,55066,4.0,1.0
1880,55082,4.0,1.0
1881,55092,4.0,1.0
1882,55101,3.0,1.0
1883,55102,3.5,0.5
1884,55109,4.0,1.0
1885,55125,4.0,0.0
1886,55313,4.0,1.0
1887,55336,3.0,1.0
1888,55337,4.0,1.0
1889,55350,4.0,1.0
1890,55362,4.0,1.0
1891,55369,4.0,1.0
1892,55371,4.0,1.0
1893,55379,3.0,1.0
1894,55387,4.0,1.0
1895,55407,4.0,1.0
1896,55415,2.0,1.0
1897,55422,3.0,1.0
1898,55426,4.0,1.0
1899,55432,3.0,0.0
1900,55433,4.0,1.0
1901,55435,4.0,1.0
1902,55454,3.0,1.0
1903,55720,4.0,1.0
1904,55744,3.0,1.0
1905,55746,3.0,1.0
1906,55792,3.0,0.0
1907,55805,3.0,0.6666666666666666
1908,55902,5.0,1.0
1909,55904,3.0,1.0
1910,55987,3.0,1.0
1911,56001,3.0,1.0
1912,56007,4.0,1.0
1913,56013,3.0,1.0
1914,56031,3.0,1.0
1915,56071,4.0,1.0
1916,56073,4.0,1.0
1917,56082,4.0,1.0
1918,56085,4.0,1.0
1919,56156,4.0,1.0
1920,56187,4.0,1.0
1921,56201,4.0,1.0
1922,56241,3.0,1.0
1923,56258,3.0,1.0
1924,56265,3.0,1.0
1925,56267,4.0,1.0
1926,56283,4.0,1.0
1927,56303,4.0,1.0
1928,56308,3.0,1.0
1929,56334,4.0,1.0
1930,56345,3.0,1.0
1931,56352,4.0,1.0
1932,56359,3.0,1.0
1933,56362,4.0,1.0
1934,56401,3.0,1.0
1935,56431,4.0,1.0
1936,56441,3.0,1.0
1937,56470,3.0,1.0
1938,56479,4.0,1.0
1939,56482,3.0,1.0
1940,56501,4.0,1.0
1941,56520,3.0,1.0
1942,56537,4.0,1.0
1943,56542,3.0,1.0
1944,56573,4.0,1.0
1945,56601,3.0,1.0
1946,56701,3.0,1.0
1947,56716,4.0,1.0
1948,57006,4.0,1.0
1949,57078,4.0,1.0
1950,57108,5.0,1.0
1951,57117,4.0,1.0
1952,57201,3.0,1.0
1953,57301,4.0,1.0
1954,57366,3.0,0.0
1955,57401,5.0,1.0
1956,57402,4.0,1.0
1957,57501,4.0,1.0
1958,57601,3.0,1.0
1959,57701,3.0,1.0
1960,57783,4.0,1.0
1961,58054,4.0,1.0
1962,58104,4.0,1.0
1963,58122,3.0,1.0
1964,58201,3.0,1.0
1965,58220,3.0,1.0
1966,58301,3.0,1.0
1967,58368,3.0,1.0
1968,58401,3.0,1.0
1969,58421,4.0,1.0
1970,58474,3.0,1.0
1971,58501,4.0,1.0
1972,58506,3.0,1.0
1973,58601,3.0,1.0
1974,58639,4.0,1.0
1975,58701,1.0,1.0
1976,58801,3.0,1.0
1977,59047,3.0,1.0
1978,59101,4.0,1.0
1979,59230,3.0,1.0
1980,59270,3.0,1.0
1981,59301,3.0,1.0
1982,59405,4.0,1.0
1983,59457,4.0,1.0
1984,59501,2.0,1.0
1985,59601,3.0,1.0
1986,59701,3.0,1.0
1987,59711,3.0,1.0
1988,59715,3.0,1.0
1989,59725,4.0,1.0
1990,59804,3.0,1.0
1991,59806,4.0,1.0
1992,59840,3.0,1.0
1993,59860,3.0,1.0
1994,59864,4.0,1.0
1995,59901,4.0,1.0
1996,59923,3.0,1.0
1997,59937,3.0,1.0
1998,60005,3.0,1.0
1999,60007,4.0,1.0
2000,60010,5.0,1.0
2001,60033,4.0,1.0
2002,60045,3.0,1.0
2003,60048,5.0,1.0
2004,60050,5.0,1.0
2005,60068,3.0,1.0
2006,60085,3.0,1.0
2007,60098,4.0,1.0
2008,60099,4.0,1.0
2009,60115,4.0,1.0
2010,60123,3.5,1.0
2011,60126,4.0,1.0
2012,60134,4.0,1.0
2013,60139,3.0,1.0
2014,60153,2.0,1.0
2015,60160,3.0,1.0
2016,60190,3.0,1.0
2017,60194,4.0,1.0
2018,60201,3.0,1.0
2019,60202,2.0,0.0
2020,60302,3.0,1.0
2021,60304,4.0,1.0
2022,60402,2.0,1.0
2023,60406,2.0,1.0
2024,60426,3.0,1.0
2025,60429,4.0,0.0
2026,60435,2.0,1.0
2027,60440,2.0,1.0
2028,60450,4.0,1.0
2029,60451,4.0,1.0
2030,60453,3.0,1.0
2031,60461,1.0,1.0
2032,60463,4.0,1.0
2033,60504,3.0,1.0
2034,60506,3.0,1.0
2035,60515,4.0,1.0
2036,60521,4.0,1.0
2037,60525,5.0,1.0
2038,60540,3.0,1.0
2039,60548,4.0,1.0
2040,60608,2.0,1.0
2041,60611,3.0,1.0
2042,60612,2.3333333333333335,0.6666666666666666
2043,60613,2.0,1.0
2044,60615,3.0,1.0
2045,60616,2.0,1.0
2046,60617,2.5,1.0
2047,60621,2.0,1.0
2048,60622,3.0,1.0
2049,60623,3.0,1.0
2050,60625,3.0,1.0
2051,60628,2.0,1.0
2052,60629,1.0,1.0
2053,60631,4.0,1.0
2054,60634,3.0,1.0
2055,60637,3.0,1.0
2056,60640,2.5,1.0
2057,60644,3.0,1.0
2058,60649,1.0,1.0
2059,60657,2.0,1.0
2060,60805,2.0,1.0
2061,60901,4.0,1.0
2062,60936,4.0,1.0
2063,60942,3.0,1.0
2064,60970,2.0,1.0
2065,61021,3.0,1.0
2066,61032,3.0,1.0
2067,61068,4.0,1.0
2068,61081,4.0,1.0
2069,61103,3.0,1.0
2070,61104,4.0,0.0
2071,61108,3.0,1.0
2072,61201,2.0,1.0
2073,61254,4.0,1.0
2074,61282,3.0,1.0
2075,61342,4.0,1.0
2076,61350,3.0,1.0
2077,61354,4.0,1.0
2078,61356,3.0,1.0
2079,61362,4.0,1.0
2080,61401,3.0,1.0
2081,61455,3.0,1.0
2082,61462,4.0,1.0
2083,61520,3.0,1.0
2084,61530,4.0,1.0
2085,61554,3.0,1.0
2086,61614,3.0,1.0
2087,61636,4.0,1.0
2088,61637,3.0,1.0
2089,61701,4.0,1.0
2090,61761,3.0,1.0
2091,61764,4.0,1.0
2092,61801,3.0,1.0
2093,61832,2.0,1.0
2094,61938,3.0,0.0
2095,61944,4.0,0.0
2096,62002,3.0,1.0
2097,62040,2.0,1.0
2098,62049,2.0,1.0
2099,62052,3.0,1.0
2100,62056,3.0,1.0
2101,62062,3.0,1.0
2102,62207,2.0,1.0
2103,62220,3.0,1.0
2104,62226,4.0,1.0
2105,62230,4.0,0.0
2106,62233,3.0,1.0
2107,62246,4.0,1.0
2108,62249,4.0,1.0
2109,62278,3.0,1.0
2110,62301,3.0,1.0
2111,62321,4.0,1.0
2112,62363,3.0,1.0
2113,62401,4.0,1.0
2114,62439,3.0,1.0
2115,62450,3.0,1.0
2116,62454,4.0,1.0
2117,62521,2.0,1.0
2118,62526,3.0,1.0
2119,62565,3.0,1.0
2120,62568,4.0,1.0
2121,62626,3.0,1.0
2122,62644,3.0,1.0
2123,62650,3.0,1.0
2124,62656,4.0,1.0
2125,62769,3.0,1.0
2126,62781,2.0,1.0
2127,62801,4.0,1.0
2128,62812,3.0,1.0
2129,62832,4.0,1.0
2130,62837,4.0,1.0
2131,62839,3.0,1.0
2132,62859,2.0,1.0
2133,62863,4.0,1.0
2134,62864,2.5,0.5
2135,62881,3.0,1.0
2136,62902,3.0,1.0
2137,62906,3.0,1.0
2138,62930,3.0,1.0
2139,62946,3.0,1.0
2140,62948,3.0,1.0
2141,62959,2.0,1.0
2142,62960,4.0,1.0
2143,62966,3.0,1.0
2144,63017,4.0,1.0
2145,63019,3.0,1.0
2146,63026,3.0,1.0
2147,63044,2.0,1.0
2148,63080,4.0,1.0
2149,63090,4.0,1.0
2150,63110,1.5,1.0
2151,63117,3.0,1.0
2152,63118,2.0,1.0
2153,63122,2.0,1.0
2154,63128,1.0,1.0
2155,63131,3.0,1.0
2156,63136,2.0,1.0
2157,63141,4.0,1.0
2158,63301,2.0,1.0
2159,63353,3.0,1.0
2160,63367,3.0,1.0
2161,63368,3.0,1.0
2162,63376,2.0,1.0
2163,63379,3.0,1.0
2164,63401,3.0,1.0
2165,63501,4.0,1.0
2166,63555,2.0,1.0
2167,63640,3.0,0.0
2168,63670,3.0,1.0
2169,63701,2.0,1.0
2170,63703,3.0,1.0
2171,63775,4.0,1.0
2172,63801,3.0,1.0
2173,63841,3.0,1.0
2174,63851,2.0,1.0
2175,63857,2.0,1.0
2176,63901,2.5,1.0
2177,63935,3.0,1.0
2178,64012,3.0,1.0
2179,64014,3.0,1.0
2180,64057,3.0,1.0
2181,64063,4.0,1.0
2182,64067,3.0,1.0
2183,64069,3.0,1.0
2184,64086,4.0,1.0
2185,64093,3.0,1.0
2186,64108,2.0,1.0
2187,64111,4.0,1.0
2188,64114,3.0,1.0
2189,64116,4.0,1.0
2190,64132,3.0,1.0
2191,64139,2.0,1.0
2192,64154,3.0,1.0
2193,64402,3.0,1.0
2194,64429,2.0,1.0
2195,64446,3.0,1.0
2196,64468,4.0,1.0
2197,64506,5.0,1.0
2198,64601,4.0,1.0
2199,64683,4.0,1.0
2200,64701,3.0,1.0
2201,64730,3.0,1.0
2202,64735,4.0,1.0
2203,64759,4.0,1.0
2204,64772,3.0,1.0
2205,64804,3.0,1.0
2206,64836,4.0,1.0
2207,65065,3.0,1.0
2208,65102,3.0,1.0
2209,65109,4.0,1.0
2210,65201,4.0,1.0
2211,65212,2.0,1.0
2212,65233,3.0,1.0
2213,65251,3.0,1.0
2214,65265,3.0,1.0
2215,65270,2.0,1.0
2216,65302,2.0,1.0
2217,65340,3.0,1.0
2218,65401,3.0,1.0
2219,65483,3.0,1.0
2220,65536,3.0,1.0
2221,65613,3.0,0.0
2222,65615,4.0,1.0
2223,65775,3.0,1.0
2224,65804,3.0,1.0
2225,65807,4.0,1.0
2226,66002,3.0,1.0
2227,66044,3.0,1.0
2228,66048,4.0,1.0
2229,66061,3.0,1.0
2230,66067,4.0,1.0
2231,66071,4.0,1.0
2232,66103,3.0,1.0
2233,66112,4.0,1.0
2234,66204,5.0,1.0
2235,66209,3.0,1.0
2236,66213,4.0,1.0
2237,66215,4.0,1.0
2238,66434,2.0,1.0
2239,66441,3.0,1.0
2240,66502,3.0,1.0
2241,66508,4.0,1.0
2242,66521,4.0,1.0
2243,66604,4.0,1.0
2244,66606,3.0,1.0
2245,66701,3.0,1.0
2246,66720,3.0,1.0
2247,66736,3.0,1.0
2248,66743,3.0,1.0
2249,66749,2.0,1.0
2250,66762,3.0,1.0
2251,66801,3.0,1.0
2252,66839,4.0,1.0
2253,66935,3.0,1.0
2254,66967,4.0,0.0
2255,67002,4.0,1.0
2256,67005,3.0,1.0
2257,67042,3.0,1.0
2258,67107,3.0,1.0
2259,67114,4.0,1.0
2260,67124,3.0,1.0
2261,67156,4.0,1.0
2262,67214,3.5,1.0
2263,67226,5.0,0.0
2264,67235,3.0,1.0
2265,67337,3.0,1.0
2266,67357,4.0,1.0
2267,67401,3.0,1.0
2268,67420,3.0,1.0
2269,67432,3.0,1.0
2270,67439,4.0,1.0
2271,67460,3.0,1.0
2272,67502,2.0,1.0
2273,67530,3.0,1.0
2274,67544,4.0,1.0
2275,67601,3.0,1.0
2276,67642,3.0,1.0
2277,67701,3.0,1.0
2278,67801,3.0,1.0
2279,67846,3.0,1.0
2280,67901,3.0,1.0
2281,67950,3.0,1.0
2282,68008,3.0,1.0
2283,68025,2.0,1.0
2284,68046,3.0,1.0
2285,68047,4.0,1.0
2286,68114,3.0,1.0
2287,68122,3.0,1.0
2288,68123,3.0,1.0
2289,68124,4.0,1.0
2290,68130,3.0,1.0
2291,68144,5.0,1.0
2292,68198,2.0,1.0
2293,68310,4.0,1.0
2294,68352,3.0,1.0
2295,68355,4.0,1.0
2296,68410,3.0,1.0
2297,68434,3.0,1.0
2298,68467,3.0,1.0
2299,68506,4.0,1.0
2300,68510,3.0,1.0
2301,68526,5.0,0.0
2302,68601,4.0,1.0
2303,68620,4.0,1.0
2304,68632,3.0,1.0
2305,68701,4.0,1.0
2306,68756,3.0,1.0
2307,68763,3.0,1.0
2308,68787,3.0,1.0
2309,68788,4.0,1.0
2310,68803,3.0,1.0
2311,68818,3.0,1.0
2312,68822,3.0,1.0
2313,68826,3.0,1.0
2314,68845,3.0,0.0
2315,68848,3.0,1.0
2316,68850,3.0,1.0
2317,68862,3.0,1.0
2318,68873,3.0,1.0
2319,68901,3.0,1.0
2320,68949,4.0,1.0
2321,69001,4.0,1.0
2322,69022,4.0,1.0
2323,69101,3.0,1.0
2324,69153,3.0,1.0
2325,69162,3.0,1.0
2326,69201,3.0,1.0
2327,69301,3.0,1.0
2328,69337,3.0,1.0
2329,69361,3.0,1.0
2330,70006,4.0,1.0
2331,70043,3.0,1.0
2332,70065,3.0,1.0
2333,70070,3.0,1.0
2334,70071,3.0,1.0
2335,70072,4.0,1.0
2336,70112,2.0,1.0
2337,70115,3.0,1.0
2338,70121,2.0,1.0
2339,70301,4.0,1.0
2340,70345,4.0,1.0
2341,70360,3.0,1.0
2342,70363,3.0,1.0
2343,70380,3.0,1.0
2344,70394,4.0,1.0
2345,70403,3.0,1.0
2346,70427,3.0,1.0
2347,70433,3.5,1.0
2348,70445,4.0,1.0
2349,70458,3.0,1.0
2350,70461,3.0,1.0
2351,70503,3.0,1.0
2352,70506,3.0,1.0
2353,70508,3.6666666666666665,1.0
2354,70510,3.0,1.0
2355,70526,2.0,1.0
2356,70546,3.0,1.0
2357,70554,3.0,1.0
2358,70562,3.0,1.0
2359,70570,3.0,1.0
2360,70586,4.0,1.0
2361,70601,3.0,1.0
2362,70605,3.0,1.0
2363,70634,3.0,1.0
2364,70663,4.0,1.0
2365,70737,3.0,1.0
2366,70760,3.0,1.0
2367,70791,2.0,1.0
2368,70806,3.0,1.0
2369,70808,2.0,1.0
2370,70816,4.0,1.0
2371,70817,3.0,1.0
2372,71040,4.0,1.0
2373,71052,3.0,1.0
2374,71055,4.0,1.0
2375,71075,4.0,1.0
2376,71082,3.0,1.0
2377,71103,2.5,1.0
2378,71105,4.0,1.0
2379,71111,5.0,1.0
2380,71201,4.0,1.0
2381,71202,3.0,1.0
2382,71220,2.0,1.0
2383,71232,3.0,1.0
2384,71241,3.0,1.0
2385,71254,3.0,1.0
2386,71263,3.0,1.0
2387,71269,3.0,1.0
2388,71270,2.0,1.0
2389,71291,2.0,1.0
2390,71295,2.0,1.0
2391,71301,3.0,1.0
2392,71342,3.0,1.0
2393,71351,3.0,1.0
2394,71418,3.5,0.5
2395,71446,3.0,1.0
2396,71449,3.0,1.0
2397,71457,4.0,1.0
2398,71463,3.0,1.0
2399,71465,3.0,1.0
2400,71483,3.0,1.0
2401,71603,2.0,1.0
2402,71635,3.0,1.0
2403,71653,3.0,1.0
2404,71654,3.0,1.0
2405,71655,3.0,1.0
2406,71671,4.0,1.0
2407,71701,4.0,1.0
2408,71731,3.0,1.0
2409,71754,2.0,1.0
2410,71801,3.0,1.0
2411,71852,3.0,1.0
2412,71901,2.0,1.0
2413,71903,2.0,1.0
2414,71923,3.0,1.0
2415,71953,3.0,1.0
2416,72015,3.0,1.0
2417,72031,3.0,1.0
2418,72034,3.0,1.0
2419,72076,2.0,1.0
2420,72104,3.0,1.0
2421,72117,3.0,1.0
2422,72118,5.0,1.0
2423,72120,2.0,1.0
2424,72143,3.0,1.0
2425,72160,4.0,1.0
2426,72205,2.0,1.0
2427,72211,4.0,1.0
2428,72315,2.0,1.0
2429,72335,2.0,1.0
2430,72342,2.0,1.0
2431,72396,4.0,1.0
2432,72401,2.0,1.0
2433,72450,2.0,1.0
2434,72455,3.0,1.0
2435,72503,2.0,1.0
2436,72543,3.0,1.0
2437,72560,3.0,1.0
2438,72576,2.0,1.0
2439,72601,3.0,1.0
2440,72616,3.0,1.0
2441,72653,3.0,1.0
2442,72703,3.0,1.0
2443,72736,4.0,1.0
2444,72758,4.0,1.0
2445,72761,3.0,1.0
2446,72764,3.0,1.0
2447,72801,3.0,1.0
2448,72830,3.0,1.0
2449,72833,3.0,1.0
2450,72902,2.0,1.0
2451,72917,3.0,1.0
2452,72956,3.0,1.0
2453,73005,3.0,1.0
2454,73018,3.0,1.0
2455,73034,3.0,1.0
2456,73036,3.0,1.0
2457,73044,4.0,1.0
2458,73070,4.0,1.0
2459,73075,3.0,1.0
2460,73077,3.0,1.0
2461,73080,4.0,1.0
2462,73086,3.0,1.0
2463,73096,3.0,1.0
2464,73099,3.0,1.0
2465,73101,3.0,1.0
2466,73104,1.0,1.0
2467,73109,3.0,1.0
2468,73110,2.0,1.0
2469,73112,3.5,1.0
2470,73114,5.0,1.0
2471,73120,4.0,1.0
2472,73135,3.0,1.0
2473,73159,5.0,1.0
2474,73401,3.0,1.0
2475,73446,3.0,1.0
2476,73460,3.0,1.0
2477,73505,3.0,1.0
2478,73523,3.0,1.0
2479,73533,3.0,1.0
2480,73601,3.0,1.0
2481,73644,3.0,1.0
2482,73651,3.0,1.0
2483,73701,4.0,1.0
2484,73750,4.0,1.0
2485,73801,3.0,0.0
2486,73942,3.0,1.0
2487,74006,2.0,1.0
2488,74010,3.0,1.0
2489,74012,4.0,1.0
2490,74017,3.0,1.0
2491,74023,3.0,1.0
2492,74055,3.5,1.0
2493,74076,4.0,1.0
2494,74104,2.0,1.0
2495,74127,2.0,1.0
2496,74133,3.3333333333333335,1.0
2497,74136,3.0,1.0
2498,74137,5.0,1.0
2499,74301,3.0,1.0
2500,74344,3.0,1.0
2501,74355,3.0,1.0
2502,74361,4.0,0.0
2503,74401,2.0,1.0
2504,74437,3.0,1.0
2505,74447,2.0,1.0
2506,74462,3.0,1.0
2507,74464,4.0,1.0
2508,74465,2.0,1.0
2509,74467,3.0,1.0
2510,74501,2.0,1.0
2511,74523,3.0,1.0
2512,74578,3.0,1.0
2513,74601,3.0,1.0
2514,74631,4.0,1.0
2515,74702,3.0,1.0
2516,74743,3.0,1.0
2517,74745,3.0,1.0
2518,74804,2.0,1.0
2519,74820,3.0,1.0
2520,74848,3.0,1.0
2521,74868,3.0,1.0
2522,74953,3.0,1.0
2523,74955,4.0,1.0
2524,74960,4.0,1.0
2525,75001,4.0,1.0
2526,75010,2.0,0.0
2527,75013,3.0,1.0
2528,75020,2.0,1.0
2529,75028,4.0,1.0
2530,75032,3.0,1.0
2531,75034,4.0,1.0
2532,75035,2.0,1.0
2533,75039,4.0,1.0
2534,75042,3.0,1.0
2535,75057,3.0,1.0
2536,75061,3.0,1.0
2537,75069,3.0,1.0
2538,75070,4.0,1.0
2539,75071,4.0,1.0
2540,75075,3.0,1.0
2541,75082,4.0,1.0
2542,75088,2.0,1.0
2543,75091,3.0,1.0
2544,75093,4.333333333333333,1.0
2545,75110,2.0,1.0
2546,75119,3.0,1.0
2547,75142,3.0,1.0
2548,75149,2.0,1.0
2549,75165,3.0,1.0
2550,75182,3.0,1.0
2551,75203,3.0,1.0
2552,75218,3.0,1.0
2553,75226,4.0,1.0
2554,75230,3.0,1.0
2555,75231,3.5,1.0
2556,75234,3.0,0.0
2557,75235,2.0,1.0
2558,75237,3.0,1.0
2559,75246,4.0,1.0
2560,75390,3.5,0.5
2561,75401,3.0,1.0
2562,75455,3.0,1.0
2563,75460,3.0,1.0
2564,75482,3.0,1.0
2565,75501,2.0,1.0
2566,75504,3.0,1.0
2567,75601,3.0,1.0
2568,75605,4.0,1.0
2569,75633,3.0,1.0
2570,75652,3.0,0.0
2571,75670,3.0,1.0
2572,75686,4.0,1.0
2573,75701,4.0,1.0
2574,75708,4.0,1.0
2575,75751,3.0,1.0
2576,75766,3.0,1.0
2577,75783,3.0,1.0
2578,75801,3.0,1.0
2579,75835,2.0,1.0
2580,75840,3.0,1.0
2581,75862,3.0,1.0
2582,75901,3.0,1.0
2583,75904,3.0,1.0
2584,75951,3.0,1.0
2585,75961,3.0,1.0
2586,75979,3.0,0.0
2587,76012,3.0,0.5
2588,76015,3.0,1.0
2589,76017,4.0,1.0
2590,76020,4.0,1.0
2591,76022,4.0,1.0
2592,76028,4.0,1.0
2593,76033,4.0,1.0
2594,76043,4.0,1.0
2595,76048,3.0,1.0
2596,76051,3.0,1.0
2597,76063,3.0,1.0
2598,76067,2.0,1.0
2599,76086,4.0,1.0
2600,76104,3.0,1.0
2601,76132,5.0,1.0
2602,76180,4.0,1.0
2603,76201,4.0,1.0
2604,76210,3.0,1.0
2605,76234,3.0,1.0
2606,76240,4.0,1.0
2607,76244,4.0,1.0
2608,76255,3.0,1.0
2609,76301,4.0,1.0
2610,76310,4.0,1.0
2611,76360,3.0,1.0
2612,76380,4.0,1.0
2613,76401,4.0,1.0
2614,76424,3.0,1.0
2615,76448,4.0,1.0
2616,76450,3.0,1.0
2617,76508,4.0,1.0
2618,76531,4.0,1.0
2619,76542,3.0,1.0
2620,76548,4.0,1.0
2621,76550,4.0,1.0
2622,76645,3.0,1.0
2623,76661,4.0,1.0
2624,76667,3.0,1.0
2625,76712,2.0,0.5
2626,76801,2.0,1.0
2627,76849,3.0,1.0
2628,76903,4.0,1.0
2629,76904,3.0,1.0
2630,77002,3.0,1.0
2631,77004,4.0,1.0
2632,77008,5.0,1.0
2633,77024,5.0,1.0
2634,77030,3.5,1.0
2635,77054,2.6666666666666665,1.0
2636,77058,3.0,1.0
2637,77065,2.0,1.0
2638,77070,3.0,1.0
2639,77082,3.0,1.0
2640,77090,2.0,1.0
2641,77091,2.0,1.0
2642,77094,4.0,1.0
2643,77304,2.0,1.0
2644,77325,3.0,1.0
2645,77338,4.0,1.0
2646,77340,2.0,1.0
2647,77351,3.0,1.0
2648,77375,3.0,1.0
2649,77384,2.0,1.0
2650,77414,3.0,1.0
2651,77418,3.0,1.0
2652,77429,3.0,1.0
2653,77437,3.0,1.0
2654,77469,3.0,1.0
2655,77478,3.0,1.0
2656,77479,4.0,1.0
2657,77488,3.0,1.0
2658,77494,4.0,1.0
2659,77504,2.0,1.0
2660,77505,4.0,1.0
2661,77521,3.0,1.0
2662,77555,2.0,1.0
2663,77566,3.0,1.0
2664,77598,3.0,1.0
2665,77640,3.0,1.0
2666,77701,3.0,1.0
2667,77702,3.0,1.0
2668,77802,3.0,1.0
2669,77833,3.0,1.0
2670,77842,3.0,1.0
2671,77845,4.0,1.0
2672,77901,5.0,1.0
2673,77902,3.0,1.0
2674,77954,4.0,1.0
2675,77979,4.0,1.0
2676,77995,4.0,1.0
2677,78026,3.0,1.0
2678,78028,3.0,1.0
2679,78041,3.0,1.0
2680,78044,3.0,1.0
2681,78102,3.0,1.0
2682,78114,3.0,1.0
2683,78119,3.0,1.0
2684,78130,3.0,1.0
2685,78155,3.0,1.0
2686,78205,3.0,1.0
2687,78207,4.0,1.0
2688,78224,2.0,1.0
2689,78229,2.5,1.0
2690,78232,4.0,1.0
2691,78258,5.0,1.0
2692,78332,3.0,1.0
2693,78336,3.0,1.0
2694,78363,3.0,1.0
2695,78404,3.0,1.0
2696,78412,4.0,1.0
2697,78414,4.0,1.0
2698,78503,4.0,1.0
2699,78520,3.0,1.0
2700,78526,3.0,1.0
2701,78539,3.0,1.0
2702,78550,4.0,1.0
2703,78572,4.0,1.0
2704,78582,3.0,1.0
2705,78596,4.0,1.0
2706,78611,3.0,1.0
2707,78613,2.0,1.0
2708,78624,5.0,1.0
2709,78629,3.0,1.0
2710,78640,4.0,1.0
2711,78643,4.0,1.0
2712,78648,3.0,1.0
2713,78664,3.5,1.0
2714,78666,3.0,1.0
2715,78681,4.0,1.0
2716,78701,2.0,1.0
2717,78704,4.0,1.0
2718,78705,4.0,1.0
2719,78734,3.0,1.0
2720,78746,4.0,1.0
2721,78758,4.0,1.0
2722,78759,4.0,1.0
2723,78834,3.0,1.0
2724,78840,3.0,1.0
2725,78852,3.0,1.0
2726,78861,4.0,1.0
2727,78934,3.0,1.0
2728,78945,4.0,1.0
2729,78957,3.0,1.0
2730,79007,3.0,1.0
2731,79045,3.0,1.0
2732,79065,4.0,1.0
2733,79072,3.0,1.0
2734,79106,3.5,1.0
2735,79201,4.0,1.0
2736,79316,3.0,1.0
2737,79336,3.0,1.0
2738,79410,3.0,1.0
2739,79412,4.0,1.0
2740,79415,3.0,1.0
2741,79416,4.0,1.0
2742,79501,3.0,1.0
2743,79512,3.0,1.0
2744,79553,3.0,1.0
2745,79556,4.0,1.0
2746,79601,4.0,1.0
2747,79606,3.0,1.0
2748,79701,3.0,1.0
2749,79714,3.0,1.0
2750,79720,2.0,1.0
2751,79735,3.0,1.0
2752,79761,2.5,1.0
2753,79772,2.0,1.0
2754,79830,3.0,1.0
2755,79902,1.6666666666666667,1.0
2756,79905,2.0,1.0
2757,79936,3.0,1.0
2758,79938,2.0,1.0
2759,80012,4.0,1.0
2760,80023,4.0,1.0
2761,80026,3.0,1.0
2762,80027,4.0,1.0
2763,80033,3.0,1.0
2764,80045,2.0,1.0
2765,80109,3.0,1.0
2766,80113,3.0,1.0
2767,80122,4.0,1.0
2768,80124,4.0,1.0
2769,80138,3.0,1.0
2770,80204,3.0,1.0
2771,80210,4.0,1.0
2772,80218,3.5,1.0
2773,80220,4.0,1.0
2774,80228,4.0,1.0
2775,80229,3.0,1.0
2776,80304,3.0,1.0
2777,80443,4.0,0.0
2778,80487,4.0,1.0
2779,80501,3.0,1.0
2780,80524,4.0,1.0
2781,80538,3.5,1.0
2782,80601,3.0,1.0
2783,80631,4.0,1.0
2784,80701,3.0,1.0
2785,80723,3.0,1.0
2786,80751,3.0,1.0
2787,80759,3.0,1.0
2788,80907,4.0,1.0
2789,80909,3.0,1.0
2790,81003,4.0,1.0
2791,81004,4.0,1.0
2792,81050,3.0,1.0
2793,81052,3.0,1.0
2794,81089,3.0,1.0
2795,81101,3.0,1.0
2796,81132,3.0,1.0
2797,81212,4.0,1.0
2798,81301,5.0,1.0
2799,81321,3.0,1.0
2800,81401,4.0,1.0
2801,81416,3.0,1.0
2802,81502,3.0,1.0
2803,81505,3.0,1.0
2804,81601,3.0,1.0
2805,81611,4.0,1.0
2806,81650,4.0,1.0
2807,81657,4.0,1.0
2808,82001,2.0,1.0
2809,82072,4.0,1.0
2810,82201,3.0,1.0
2811,82240,3.0,1.0
2812,82401,3.0,1.0
2813,82414,4.0,1.0
2814,82435,3.0,1.0
2815,82501,3.0,1.0
2816,82601,3.0,1.0
2817,82633,3.0,1.0
2818,82716,2.0,1.0
2819,82801,3.0,1.0
2820,82901,2.0,1.0
2821,82930,3.0,1.0
2822,83001,4.0,1.0
2823,83110,3.0,1.0
2824,83201,3.0,1.0
2825,83221,4.0,1.0
2826,83301,3.0,1.0
2827,83318,3.0,1.0
2828,83330,4.0,0.0
2829,83404,4.0,1.0
2830,83440,3.0,1.0
2831,83501,3.0,1.0
2832,83522,4.0,1.0
2833,83530,3.0,1.0
2834,83544,3.0,1.0
2835,83605,4.0,1.0
2836,83647,4.0,1.0
2837,83686,4.0,1.0
2838,83706,3.0,1.0
2839,83712,5.0,1.0
2840,83814,3.0,1.0
2841,83843,4.0,1.0
2842,83864,3.0,1.0
2843,84003,4.0,1.0
2844,84010,4.0,1.0
2845,84020,3.0,1.0
2846,84041,2.0,1.0
2847,84057,4.0,1.0
2848,84060,4.0,1.0
2849,84065,4.0,1.0
2850,84066,3.0,1.0
2851,84074,3.0,1.0
2852,84078,3.0,1.0
2853,84088,3.0,1.0
2854,84094,4.0,1.0
2855,84102,3.0,1.0
2856,84107,3.0,1.0
2857,84124,3.0,1.0
2858,84132,4.0,1.0
2859,84143,4.0,1.0
2860,84302,3.0,1.0
2861,84341,4.0,1.0
2862,84403,3.0,1.0
2863,84405,3.0,1.0
2864,84501,4.0,1.0
2865,84532,3.0,1.0
2866,84604,3.0,1.0
2867,84648,4.0,1.0
2868,84651,3.0,1.0
2869,84701,4.0,1.0
2870,84721,4.0,1.0
2871,84790,4.0,1.0
2872,85006,3.0,1.0
2873,85008,2.0,1.0
2874,85013,3.0,1.0
2875,85015,2.0,1.0
2876,85020,3.0,1.0
2877,85027,3.0,1.0
2878,85031,2.0,1.0
2879,85032,2.0,1.0
2880,85037,4.0,1.0
2881,85054,5.0,1.0
2882,85120,3.0,1.0
2883,85132,3.0,1.0
2884,85140,4.0,1.0
2885,85202,3.0,1.0
2886,85206,4.5,0.0
2887,85209,1.0,1.0
2888,85222,2.0,1.0
2889,85224,4.0,1.0
2890,85234,3.0,1.0
2891,85251,3.0,1.0
2892,85255,4.0,1.0
2893,85260,3.0,1.0
2894,85296,4.0,1.0
2895,85306,3.0,1.0
2896,85308,3.0,1.0
2897,85344,3.0,1.0
2898,85351,4.0,1.0
2899,85364,2.0,1.0
2900,85375,4.0,1.0
2901,85390,3.0,1.0
2902,85395,2.0,1.0
2903,85501,3.0,1.0
2904,85541,3.0,1.0
2905,85546,3.0,1.0
2906,85635,1.0,1.0
2907,85711,3.0,1.0
2908,85712,3.0,1.0
2909,85713,2.0,1.0
2910,85724,1.0,1.0
2911,85741,3.0,1.0
2912,85745,3.0,1.0
2913,85755,3.0,1.0
2914,85901,4.0,1.0
2915,86001,4.0,1.0
2916,86045,3.0,0.0
2917,86301,2.0,1.0
2918,86326,4.0,1.0
2919,86403,2.0,1.0
2920,86409,2.0,1.0
2921,86426,3.0,1.0
2922,86442,2.0,1.0
2923,86503,3.0,1.0
2924,87020,3.0,1.0
2925,87102,3.0,1.0
2926,87106,2.0,1.0
2927,87109,3.0,1.0
2928,87114,4.0,1.0
2929,87144,3.0,1.0
2930,87301,2.0,1.0
2931,87401,2.0,1.0
2932,87420,2.0,1.0
2933,87505,2.0,1.0
2934,87532,4.0,1.0
2935,87544,3.0,1.0
2936,87571,3.0,1.0
2937,87701,3.0,1.0
2938,87740,3.0,1.0
2939,88011,2.5,1.0
2940,88031,2.0,1.0
2941,88061,4.0,1.0
2942,88101,3.0,1.0
2943,88130,3.0,1.0
2944,88201,2.5,1.0
2945,88210,3.0,1.0
2946,88220,3.0,1.0
2947,88240,2.0,1.0
2948,88260,3.0,1.0
2949,88310,2.0,1.0
2950,88345,3.0,1.0
2951,89005,3.0,1.0
2952,89015,3.0,1.0
2953,89027,3.0,1.0
2954,89030,2.0,1.0
2955,89048,4.0,1.0
2956,89052,1.0,1.0
2957,89102,1.0,1.0
2958,89106,1.0,1.0
2959,89109,1.0,1.0
2960,89113,2.0,1.0
2961,89118,2.0,1.0
2962,89119,1.0,1.0
2963,89128,2.0,1.0
2964,89144,3.0,1.0
2965,89148,3.0,1.0
2966,89149,2.0,1.0
2967,89410,3.0,1.0
2968,89415,3.0,1.0
2969,89434,3.0,1.0
2970,89445,3.0,1.0
2971,89502,1.0,1.0
2972,89503,3.0,1.0
2973,89521,4.0,1.0
2974,89703,3.0,1.0
2975,89801,3.0,1.0
2976,90012,3.0,0.0
2977,90015,2.0,1.0
2978,90017,3.0,1.0
2979,90023,2.5,1.0
2980,90026,4.0,0.0
2981,90027,2.5,1.0
2982,90028,3.0,1.0
2983,90033,2.6666666666666665,0.6666666666666666
2984,90034,3.0,1.0
2985,90036,2.0,1.0
2986,90048,4.0,1.0
2987,90057,4.0,1.0
2988,90095,3.0,1.0
2989,90241,3.0,1.0
2990,90242,3.0,1.0
2991,90247,3.0,1.0
2992,90255,2.0,1.0
2993,90262,3.0,1.0
2994,90291,4.0,1.0
2995,90301,4.0,1.0
2996,90404,4.0,1.0
2997,90502,2.0,1.0
2998,90503,3.0,1.0
2999,90509,3.0,1.0
3000,90602,3.0,1.0
3001,90605,3.0,1.0
3002,90623,3.0,1.0
3003,90640,3.0,1.0
3004,90650,2.0,1.0
3005,90710,3.0,1.0
3006,90712,3.0,1.0
3007,90716,3.0,1.0
3008,90720,2.0,1.0
3009,90732,3.0,1.0
3010,90804,2.0,1.0
3011,90806,2.5,1.0
3012,90813,3.0,1.0
3013,91006,5.0,1.0
3014,91109,4.0,1.0
3015,91204,3.0,1.0
3016,91206,4.0,1.0
3017,91209,2.0,1.0
3018,91307,3.0,1.0
3019,91325,2.0,1.0
3020,91342,2.0,1.0
3021,91346,4.0,1.0
3022,91352,2.0,1.0
3023,91355,3.0,1.0
3024,91356,2.0,1.0
3025,91360,3.0,1.0
3026,91367,3.0,1.0
3027,91402,3.0,1.0
3028,91403,2.0,1.0
3029,91406,2.0,1.0
3030,91436,3.0,1.0
3031,91505,3.0,1.0
3032,91706,3.0,1.0
3033,91710,4.0,1.0
3034,91723,2.0,1.0
3035,91733,3.0,0.0
3036,91740,3.5,1.0
3037,91754,3.0,1.0
3038,91763,3.0,1.0
3039,91767,3.0,1.0
3040,91773,3.0,1.0
3041,91776,4.0,1.0
3042,91786,2.0,1.0
3043,91801,4.0,1.0
3044,91911,4.0,0.0
3045,91942,3.0,1.0
3046,91950,3.0,1.0
3047,92024,4.0,1.0
3048,92025,3.0,1.0
3049,92037,5.0,0.5
3050,92056,2.0,1.0
3051,92064,3.0,1.0
3052,92103,3.0,1.0
3053,92118,4.0,1.0
3054,92120,3.0,1.0
3055,92123,4.0,1.0
3056,92201,2.0,1.0
3057,92220,2.0,1.0
3058,92225,2.0,1.0
3059,92227,2.0,0.0
3060,92243,2.0,1.0
3061,92252,2.0,1.0
3062,92262,2.0,1.0
3063,92270,4.0,1.0
3064,92307,2.0,1.0
3065,92311,3.0,1.0
3066,92324,2.0,1.0
3067,92335,3.0,1.0
3068,92354,2.0,1.0
3069,92373,4.0,1.0
3070,92392,2.0,1.0
3071,92395,2.0,1.0
3072,92404,2.0,1.0
3073,92411,2.0,1.0
3074,92501,2.0,1.0
3075,92503,2.0,1.0
3076,92505,3.0,1.0
3077,92543,1.0,1.0
3078,92555,3.0,1.0
3079,92562,2.0,1.0
3080,92563,3.0,1.0
3081,92585,2.0,0.0
3082,92592,3.0,1.0
3083,92647,3.0,1.0
3084,92653,4.0,1.0
3085,92663,4.0,1.0
3086,92691,3.0,1.0
3087,92704,2.0,1.0
3088,92705,1.0,1.0
3089,92708,3.5,1.0
3090,92801,3.0,1.0
3091,92804,3.0,1.0
3092,92805,2.0,0.0
3093,92806,4.0,1.0
3094,92835,3.0,1.0
3095,92843,4.0,1.0
3096,92868,2.0,1.0
3097,92869,2.0,1.0
3098,92870,3.0,1.0
3099,92882,3.0,1.0
3100,93003,2.5,1.0
3101,93010,3.0,1.0
3102,93023,4.0,1.0
3103,93030,2.0,1.0
3104,93065,2.0,1.0
3105,93102,5.0,1.0
3106,93111,5.0,1.0
3107,93215,2.0,1.0
3108,93230,2.0,1.0
3109,93240,2.0,1.0
3110,93257,2.0,1.0
3111,93274,1.0,1.0
3112,93291,4.0,1.0
3113,93301,2.0,1.0
3114,93306,1.0,1.0
3115,93308,2.0,0.5
3116,93401,4.0,1.0
3117,93405,3.0,1.0
3118,93436,2.0,1.0
3119,93454,3.0,0.0
3120,93463,3.0,1.0
3121,93465,3.0,1.0
3122,93534,1.0,1.0
3123,93552,3.0,1.0
3124,93611,2.0,1.0
3125,93635,3.0,1.0
3126,93637,2.0,1.0
3127,93654,2.0,0.0
3128,93710,2.0,1.0
3129,93720,3.0,1.0
3130,93721,2.0,1.0
3131,93901,4.0,1.0
3132,93906,3.0,1.0
3133,93930,3.0,1.0
3134,93940,5.0,1.0
3135,94010,4.0,1.0
3136,94015,2.0,1.0
3137,94040,4.0,1.0
3138,94062,4.0,1.0
3139,94063,3.0,1.0
3140,94080,3.0,1.0
3141,94109,3.0,1.0
3142,94110,1.5,1.0
3143,94115,3.5,1.0
3144,94117,3.0,1.0
3145,94133,3.0,1.0
3146,94143,3.0,1.0
3147,94305,4.0,1.0
3148,94403,3.0,1.0
3149,94501,2.0,1.0
3150,94509,2.0,1.0
3151,94520,4.0,1.0
3152,94531,3.0,1.0
3153,94533,2.0,1.0
3154,94538,3.0,1.0
3155,94545,1.0,1.0
3156,94546,3.0,1.0
3157,94553,2.0,1.0
3158,94558,3.0,1.0
3159,94574,3.0,0.0
3160,94577,3.0,1.0
3161,94578,2.0,1.0
3162,94583,3.0,1.0
3163,94588,4.0,1.0
3164,94589,3.0,1.0
3165,94596,3.0,1.0
3166,94598,4.0,1.0
3167,94602,1.0,1.0
3168,94609,3.0,1.0
3169,94611,3.0,1.0
3170,94705,2.0,1.0
3171,94903,3.0,1.0
3172,94904,3.0,1.0
3173,94945,4.0,1.0
3174,94954,3.0,1.0
3175,95020,3.0,1.0
3176,95023,2.0,0.0
3177,95051,3.0,1.0
3178,95065,4.0,1.0
3179,95076,3.0,1.0
3180,95116,2.0,1.0
3181,95119,3.0,1.0
3182,95124,2.0,1.0
3183,95128,2.0,1.0
3184,95203,2.0,1.0
3185,95204,2.0,1.0
3186,95231,2.0,1.0
3187,95240,2.0,1.0
3188,95249,3.0,0.0
3189,95336,3.0,1.0
3190,95337,3.0,1.0
3191,95340,2.0,1.0
3192,95350,2.0,1.0
3193,95355,2.0,1.0
3194,95361,3.0,1.0
3195,95370,3.0,0.0
3196,95376,3.0,1.0
3197,95382,3.0,1.0
3198,95403,3.0,1.0
3199,95405,4.0,1.0
3200,95422,2.0,1.0
3201,95437,3.0,1.0
3202,95448,3.0,1.0
3203,95453,3.0,1.0
3204,95476,4.0,1.0
3205,95482,3.0,1.0
3206,95490,4.0,1.0
3207,95501,3.0,1.0
3208,95521,3.0,1.0
3209,95531,2.0,1.0
3210,95603,4.0,1.0
3211,95608,2.0,1.0
3212,95616,4.0,0.0
3213,95630,2.0,1.0
3214,95642,2.0,1.0
3215,95661,4.0,1.0
3216,95667,4.0,1.0
3217,95688,3.0,1.0
3218,95695,3.0,1.0
3219,95816,4.0,1.0
3220,95817,3.0,1.0
3221,95819,3.0,0.0
3222,95823,2.5,0.5
3223,95825,3.0,0.0
3224,95901,1.0,1.0
3225,95926,3.0,1.0
3226,95945,3.0,1.0
3227,95948,2.0,1.0
3228,95966,2.0,1.0
3229,95969,3.0,1.0
3230,95971,3.0,1.0
3231,96001,3.5,1.0
3232,96067,3.0,1.0
3233,96080,3.0,1.0
3234,96097,3.0,1.0
3235,96130,4.0,1.0
3236,96150,3.0,1.0
3237,96701,4.0,1.0
3238,96720,4.0,1.0
3239,96734,3.0,1.0
3240,96743,3.0,1.0
3241,96750,2.0,1.0
3242,96766,4.0,1.0
3243,96786,2.0,1.0
3244,96793,3.0,1.0
3245,96796,3.0,1.0
3246,96813,4.5,1.0
3247,96817,3.0,1.0
3248,96819,3.0,1.0
3249,96913,3.0,1.0
3250,97015,3.0,1.0
3251,97030,3.0,1.0
3252,97031,4.0,1.0
3253,97045,3.0,1.0
3254,97058,3.0,1.0
3255,97062,4.0,1.0
3256,97103,3.0,1.0
3257,97123,3.0,1.0
3258,97124,4.0,1.0
3259,97128,3.0,1.0
3260,97132,4.0,1.0
3261,97138,4.0,1.0
3262,97141,3.0,1.0
3263,97210,3.0,1.0
3264,97213,4.0,1.0
3265,97216,3.0,1.0
3266,97222,3.0,1.0
3267,97225,3.0,1.0
3268,97227,2.0,1.0
3269,97239,3.0,1.0
3270,97301,3.0,1.0
3271,97321,2.0,1.0
3272,97330,3.0,1.0
3273,97355,3.0,1.0
3274,97365,3.0,1.0
3275,97367,3.0,1.0
3276,97381,3.0,1.0
3277,97383,3.0,1.0
3278,97401,2.0,1.0
3279,97420,1.0,1.0
3280,97423,3.0,1.0
3281,97424,4.0,1.0
3282,97439,3.0,1.0
3283,97444,3.0,1.0
3284,97471,3.0,1.0
3285,97477,3.0,1.0
3286,97504,3.0,1.0
3287,97520,4.0,1.0
3288,97527,3.0,1.0
3289,97601,3.0,1.0
3290,97630,3.0,1.0
3291,97701,3.0,1.0
3292,97741,3.0,1.0
3293,97754,4.0,1.0
3294,97756,4.0,1.0
3295,97801,4.0,1.0
3296,97814,4.0,1.0
3297,97838,3.0,1.0
3298,97850,3.0,1.0
3299,97914,4.0,1.0
3300,98001,2.0,1.0
3301,98003,3.0,1.0
3302,98004,3.0,1.0
3303,98022,3.0,1.0
3304,98026,2.0,1.0
3305,98029,3.0,1.0
3306,98034,5.0,1.0
3307,98055,3.0,1.0
3308,98101,4.0,1.0
3309,98104,2.0,1.0
3310,98122,3.0,1.0
3311,98133,4.0,1.0
3312,98166,3.0,1.0
3313,98195,5.0,1.0
3314,98201,3.0,1.0
3315,98221,4.0,1.0
3316,98223,3.0,1.0
3317,98225,4.0,1.0
3318,98239,3.0,1.0
3319,98272,3.0,1.0
3320,98274,3.0,1.0
3321,98284,3.0,1.0
3322,98310,2.0,1.0
3323,98332,3.0,1.0
3324,98362,2.0,1.0
3325,98368,3.0,1.0
3326,98372,3.0,1.0
3327,98405,2.5,1.0
3328,98499,3.0,1.0
3329,98502,3.0,1.0
3330,98506,3.0,1.0
3331,98520,2.0,1.0
3332,98531,3.0,1.0
3333,98541,3.0,1.0
3334,98584,3.0,1.0
3335,98620,3.0,1.0
3336,98632,3.0,1.0
3337,98668,2.0,1.0
3338,98672,4.0,1.0
3339,98686,4.0,1.0
3340,98801,3.0,0.0
3341,98807,4.0,1.0
3342,98837,3.0,1.0
3343,98841,2.0,1.0
3344,98855,3.0,1.0
3345,98902,2.0,1.0
3346,98926,3.0,1.0
3347,98944,2.0,1.0
3348,98948,3.0,1.0
3349,99111,4.0,1.0
3350,99114,4.0,1.0
3351,99122,4.0,1.0
3352,99204,3.0,1.0
3353,99208,3.0,1.0
3354,99210,2.0,1.0
3355,99216,3.0,1.0
3356,99301,3.0,1.0
3357,99336,3.0,1.0
3358,99350,3.0,1.0
3359,99352,3.0,1.0
3360,99362,3.0,1.0
3361,99403,3.0,1.0
3362,99508,2.6666666666666665,1.0
3363,99559,3.0,1.0
3364,99645,3.0,1.0
3365,99669,3.0,1.0
3366,99701,3.0,1.0
3367,99801,3.0,1.0
3368,99901,3.0,1.0
